{"rewards": {"episode_rewards": [-0.3134016374653308, -1.407303215226452, -1.0238058114999111, -1.3310418317210737, -0.23713949362264247, -0.6009154544495681, -0.8736747323008899, -0.39352092953588713, -1.378096676143295, -0.5947375964654056, -1.5898423697365343, -1.6641255406357813, -1.6473765434765988, -0.4906888920371193, -0.20314851518838148, -1.7129465023245, -0.3874903908721188, -0.29145185691230574, -0.29246009931210465, -0.23531851888800262, -1.1812846835702266, -1.4661621447220883, -0.2403486974240879, -0.3729335674521557, -0.28200387897733153, -1.361884744968722, -1.2774204059076821, -0.2505094234073452, -0.24106718630373525, -1.0876053442933267, -0.9139713038538113, -1.2091310333317193, -0.3630699745472287, -0.5868898658349908, -0.8184023959051151, -0.30942194724302946, -0.9145658565550384, -0.32134778911034, -0.5160167286452216, -0.5427319791883141, -0.16572504227538454, -0.30746293165815974, -0.3773353488117302, -0.4677442962741861, -1.4893641134152609, -1.5224906739536572, -0.5478196897120087, -0.31816399618181707, -1.4965363770155211, -0.46670457355908307, -0.4816585620165193, -0.8030996133022021, -1.5115507217613482, -0.19141132943121456, -0.8896016332315968, -0.26649695760700265, -0.7153547410347422, -1.886488908743555, -0.2258935714059068, -0.14793671841364292, -1.7179901449374975, -0.8890721188518006, -0.484933348684453, -1.4680631875462127, -0.24483092463752057, -0.18741443891734422, -1.4377906885694087, -1.0411023597178475, -0.2572788292838849, -1.0935959878089079, -0.28835546647711024, -0.2717667421453149, -0.33207404679001007, -0.16819149896054064, -0.19454942780108325, -0.7480566116916909, -0.3547160859399012, -0.3667787074858369, -0.26462807273714706, -0.40620657893481293, -0.19665448133868632, -0.2645454499289587, -0.2525262289955398, -0.2196073014089061, -0.281413279845636, -0.1803130528854472, -0.3675067763184175, -0.3075793644759081, -1.859290392708742, -0.22802487812004882, -0.3236586255702923, -0.21681482376714456, -0.2131118625147242, -0.2832387666012573, -0.7655580996324843, -0.249304537619878, -0.24743768046605066, -0.24381393264904574, -0.25071730586141666, -0.39358602495974837], "moving_avg_rewards": [-0.3134016374653308, -1.407303215226452, -1.0238058114999111, -1.3310418317210737, -0.23713949362264247, -0.6009154544495681, -0.8736747323008899, -0.39352092953588713, -1.378096676143295, -0.8153637378430456, -0.9430078110701657, -0.9686900436110989, -1.0310471168087676, -0.947011822840372, -0.9436127249969459, -1.0548158297844394, -1.0061973956415622, -0.9959904883792039, -0.8874268306960851, -0.8514849229383448, -0.8106291543217139, -0.7908328147303447, -0.6501300301250936, -0.6383544976665972, -0.6462400340454922, -0.6111338583099144, -0.7001268598134707, -0.6960326164629745, -0.6908933251621378, -0.7761220077026701, -0.7493906697310285, -0.7236875585919916, -0.7359596863043059, -0.7573553161425892, -0.8109951678353676, -0.7057488880627983, -0.669463433127534, -0.6765472696978334, -0.7040422239319821, -0.6495548874214809, -0.5747302612636382, -0.4845634510962822, -0.4859899885227324, -0.47407543156665194, -0.5411716033176666, -0.6624784759887292, -0.6258038593044264, -0.6254854800115741, -0.7235374448486039, -0.7159347042856808, -0.7475280562597943, -0.7970917244241986, -0.9105132617191604, -0.8828799650348632, -0.8229037170164968, -0.6973043453818313, -0.7140578505141048, -0.8708903417702786, -0.743826061209317, -0.7119492756947731, -0.8355824339868707, -0.8441796845418306, -0.7415179472341412, -0.869183133045641, -0.8047060621862334, -0.7967978103172675, -0.8690414050707342, -0.7845027501681633, -0.7876412759559612, -0.8822072028954878, -0.7392437350494491, -0.6775131973788004, -0.6622272671893562, -0.532240098330789, -0.5272119486471453, -0.5832761659245799, -0.4749687056616292, -0.4075363404384281, -0.40827126478375436, -0.33953232389634486, -0.33036222538250243, -0.32964009616086676, -0.32168531438141973, -0.32682689462625636, -0.3355132798307116, -0.2787389239500872, -0.28001799298793884, -0.27409805868694603, -0.43356429068410546, -0.41574612060262905, -0.42844653502578967, -0.4236734724096083, -0.4197320357615267, -0.4260951822807618, -0.4745096642594467, -0.48140881273288966, -0.46940190314765295, -0.46302535996496674, -0.3021680512802343, -0.31872416596420416]}, "parameters": {"policy_history": [0, 1, 0, 0, 1, 0, 1, 0, 1, 1, 1, 0, 1, 1, 1, 0, 1, 1, 0, 1, 0, 1, 0, 0, 0, 1, 0, 0, 0, 1, 0, 1, 1, 1, 1, 1, 1, 0, 0, 1, 1, 1, 0, 0, 1, 0, 1, 1, 1, 0, 1, 0, 1, 1, 0, 0, 1, 0, 1, 0, 0, 0, 0, 0, 1, 0, 0, 1, 0, 1, 0, 0, 0, 0, 0, 1, 0, 0, 0, 1, 0, 0, 1, 0, 0, 0, 0, 1, 1, 0, 0, 1, 0, 0, 0, 1, 1, 0, 0, 0], "mu_history": [5.0, 1.0, 1.0, 1.0, 5.0, 1.0, 1.0, 5.0, 1.0, 5.0, 1.0, 1.0, 1.0, 5.0, 5.0, 1.0, 1.0, 5.0, 5.0, 5.0, 1.0, 1.0, 5.0, 5.0, 5.0, 1.0, 1.0, 5.0, 5.0, 1.0, 1.0, 1.0, 5.0, 1.0, 1.0, 5.0, 1.0, 5.0, 5.0, 5.0, 5.0, 5.0, 5.0, 1.0, 1.0, 1.0, 1.0, 5.0, 1.0, 5.0, 5.0, 1.0, 1.0, 5.0, 1.0, 5.0, 1.0, 1.0, 5.0, 5.0, 1.0, 1.0, 5.0, 1.0, 5.0, 5.0, 1.0, 1.0, 5.0, 1.0, 5.0, 5.0, 5.0, 5.0, 5.0, 1.0, 5.0, 5.0, 5.0, 5.0, 5.0, 5.0, 5.0, 5.0, 5.0, 5.0, 5.0, 5.0, 1.0, 5.0, 1.0, 5.0, 5.0, 5.0, 1.0, 5.0, 5.0, 5.0, 5.0, 5.0], "lambda_history": [1.5, 0.8, 0.3, 0.3, 1.5, 0.8, 0.8, 4.0, 0.3, 1.5, 0.3, 0.3, 0.3, 1.5, 4.0, 0.8, 0.8, 4.0, 4.0, 4.0, 0.3, 0.8, 4.0, 1.5, 4.0, 0.3, 0.3, 4.0, 4.0, 0.8, 0.3, 0.3, 1.5, 0.3, 0.3, 1.5, 0.8, 4.0, 4.0, 1.5, 1.5, 4.0, 1.5, 0.3, 0.3, 0.8, 0.3, 1.5, 0.8, 1.5, 1.5, 0.3, 0.8, 1.5, 0.8, 1.5, 0.8, 0.8, 4.0, 1.5, 0.8, 0.3, 1.5, 0.8, 4.0, 4.0, 0.3, 0.3, 4.0, 0.3, 4.0, 4.0, 1.5, 1.5, 1.5, 0.3, 4.0, 1.5, 4.0, 4.0, 4.0, 4.0, 4.0, 4.0, 1.5, 1.5, 1.5, 4.0, 0.3, 4.0, 0.3, 1.5, 1.5, 1.5, 0.8, 4.0, 1.5, 4.0, 4.0, 4.0], "ratio_history": [0.3, 0.8, 0.3, 0.3, 0.3, 0.8, 0.8, 0.8, 0.3, 0.3, 0.3, 0.3, 0.3, 0.3, 0.8, 0.8, 0.8, 0.8, 0.8, 0.8, 0.3, 0.8, 0.8, 0.3, 0.8, 0.3, 0.3, 0.8, 0.8, 0.8, 0.3, 0.3, 0.3, 0.3, 0.3, 0.3, 0.8, 0.8, 0.8, 0.3, 0.3, 0.8, 0.3, 0.3, 0.3, 0.8, 0.3, 0.3, 0.8, 0.3, 0.3, 0.3, 0.8, 0.3, 0.8, 0.3, 0.8, 0.8, 0.8, 0.3, 0.8, 0.3, 0.3, 0.8, 0.8, 0.8, 0.3, 0.3, 0.8, 0.3, 0.8, 0.8, 0.3, 0.3, 0.3, 0.3, 0.8, 0.3, 0.8, 0.8, 0.8, 0.8, 0.8, 0.8, 0.3, 0.3, 0.3, 0.8, 0.3, 0.8, 0.3, 0.3, 0.3, 0.3, 0.8, 0.8, 0.3, 0.8, 0.8, 0.8],