{
    "run_duration": 121.62851405143738,
    "total_updates": 100,
    "average_aoi": {
        "overall": 0.5710758677675899,
        "cu": 0.5710758677675899,
        "zw": null
    },
    "update_counts": {
        "cu": 100,
        "zw": 0
    },
    "service_time_stats": {
        "average": 0.3445375839426692,
        "min": 0.0025387200258164795,
        "max": 2.1477673326598374
    },
    "detailed_metrics": {
        "timestamps": [
            2.5704469680786133,
            3.5377578735351562,
            4.744982957839966,
            5.9456939697265625,
            7.148607969284058,
            8.361289978027344,
            9.557573080062866,
            10.770295858383179,
            11.980050802230835,
            13.185545921325684,
            14.388458967208862,
            15.584800004959106,
            16.796604871749878,
            17.99764394760132,
            19.20380210876465,
            20.397807121276855,
            21.60966396331787,
            22.81033992767334,
            24.016021013259888,
            25.2138729095459,
            26.419625997543335,
            27.637640953063965,
            28.83609890937805,
            30.038184881210327,
            31.253061056137085,
            32.456379890441895,
            33.66163492202759,
            34.861006021499634,
            36.062551975250244,
            37.27801275253296,
            38.47868990898132,
            39.68210506439209,
            40.89397597312927,
            42.09300088882446,
            43.30365490913391,
            44.508408069610596,
            45.70796799659729,
            46.91816806793213,
            48.11664891242981,
            49.31735801696777,
            50.552016735076904,
            51.784268856048584,
            52.936537981033325,
            54.21666502952576,
            55.381574869155884,
            56.616700887680054,
            57.84679388999939,
            58.97788381576538,
            60.21617674827576,
            61.374759912490845,
            62.68090581893921,
            63.83220386505127,
            64.98886179924011,
            66.1885838508606,
            67.4141297340393,
            68.60045003890991,
            69.92608308792114,
            71.02584075927734,
            72.23655796051025,
            73.46952080726624,
            74.7032458782196,
            75.84618091583252,
            77.06673097610474,
            78.31315183639526,
            79.46515703201294,
            80.66435694694519,
            81.8982310295105,
            83.08419489860535,
            84.26772594451904,
            85.49661207199097,
            86.70122599601746,
            87.95991396903992,
            89.11593294143677,
            90.29725193977356,
            91.49500370025635,
            92.70982694625854,
            93.92654085159302,
            95.11501574516296,
            96.34802198410034,
            97.52655291557312,
            98.76490902900696,
            99.9271788597107,
            101.13199305534363,
            102.43145394325256,
            103.54321670532227,
            104.74672508239746,
            106.1017677783966,
            107.18082880973816,
            108.36383199691772,
            109.57537984848022,
            110.81666493415833,
            112.11223697662354,
            113.24143409729004,
            114.49885368347168,
            115.60364389419556,
            116.83915090560913,
            118.16126585006714,
            119.2200608253479,
            120.4233558177948,
            121.62817406654358
        ],
        "cu_aoi_values": [
            0.824817970707612,
            0.7377658401378563,
            0.3273968436666995,
            0.22903141520471815,
            0.36749924054251604,
            0.5104797231835909,
            2.0332518360413556,
            0.6930742630142033,
            0.37883385707289585,
            1.2643259063492314,
            0.4011959178850376,
            0.39179503142441263,
            0.29011768116965553,
            0.45425141479388575,
            1.584586680343956,
            0.20460561837176375,
            0.4058879565574013,
            0.2558162983840531,
            0.30845730488907563,
            0.24201537296984782,
            0.21510848482487993,
            0.4834001342946452,
            0.3536211770176646,
            0.36167165240779797,
            0.5077639013919135,
            0.22458366714463418,
            0.9938114831541521,
            0.41638068465097033,
            0.2681245074514227,
            2.0861093107213495,
            0.27176129292994916,
            1.0456326324281762,
            0.41320677774268166,
            0.34415290472209703,
            0.47845899502115424,
            2.2382245695348595,
            0.2211811259888625,
            0.7803615359527062,
            0.5509426538764828,
            0.22498968940614725,
            0.2931390282305255,
            0.45901417153774626,
            0.3333436820309513,
            0.3894932808428856,
            1.27440777063651,
            0.2946250676039198,
            0.4202026198776898,
            0.5690891420166604,
            0.4009283237297824,
            0.5589229187821874,
            0.32575726863778676,
            0.6040548004045326,
            0.5114010811476338,
            0.5259885702894573,
            0.4286749938014246,
            0.3840805771269209,
            0.8350039193779951,
            0.2551979296521076,
            0.4572391366240017,
            0.38726111373781524,
            0.3465653072779034,
            0.659181969169047,
            0.43169353845957736,
            0.28813692292898985,
            0.8990149268339898,
            0.5706822595367108,
            0.795901682725621,
            0.2942853927838058,
            0.21831202841950978,
            0.23509785954145399,
            0.5410635919834504,
            0.29039699202328934,
            0.2759120300808597,
            2.3590853487120835,
            1.3971839375003448,
            0.4086068393215532,
            0.6206403846530877,
            0.396523548829931,
            0.4182021398817246,
            0.9384010575773307,
            0.5568208199823732,
            0.3452081966484519,
            0.312488343021164,
            0.3161895731270768,
            0.8833277086849876,
            0.2469121949536547,
            0.6695466293911638,
            0.2292754367075424,
            0.21117039212155972,
            0.2946008584504761,
            1.2616234258884316,
            0.34042076988460235,
            0.574780958323069,
            0.4647112036094848,
            0.37166013933269504,
            0.2566847908397181,
            0.9416006024964759,
            0.2182467015984045,
            1.210725078386903,
            0.9241864456096389
        ],
        "zw_aoi_values": [],