{
    "run_duration": 61.37531900405884,
    "total_updates": 50,
    "average_aoi": {
        "overall": 0.5875571871732235,
        "cu": 0.5875571871732235,
        "zw": null
    },
    "update_counts": {
        "cu": 50,
        "zw": 0
    },
    "service_time_stats": {
        "average": 0.369166398141241,
        "min": 0.0025387200258164795,
        "max": 2.0270524656530235
    },
    "detailed_metrics": {
        "timestamps": [
            2.5704469680786133,
            3.5377578735351562,
            4.744982957839966,
            5.9456939697265625,
            7.148607969284058,
            8.361289978027344,
            9.557573080062866,
            10.770295858383179,
            11.980050802230835,
            13.185545921325684,
            14.388458967208862,
            15.584800004959106,
            16.796604871749878,
            17.99764394760132,
            19.20380210876465,
            20.397807121276855,
            21.60966396331787,
            22.81033992767334,
            24.016021013259888,
            25.2138729095459,
            26.419625997543335,
            27.637640953063965,
            28.83609890937805,
            30.038184881210327,
            31.253061056137085,
            32.456379890441895,
            33.66163492202759,
            34.861006021499634,
            36.062551975250244,
            37.27801275253296,
            38.47868990898132,
            39.68210506439209,
            40.89397597312927,
            42.09300088882446,
            43.30365490913391,
            44.508408069610596,
            45.70796799659729,
            46.91816806793213,
            48.11664891242981,
            49.31735801696777,
            50.552016735076904,
            51.784268856048584,
            52.936537981033325,
            54.21666502952576,
            55.381574869155884,
            56.616700887680054,
            57.84679388999939,
            58.97788381576538,
            60.21617674827576,
            61.374759912490845
        ],
        "cu_aoi_values": [
            0.824817970707612,
            0.7377658401378563,
            0.3273968436666995,
            0.22903141520471815,
            0.36749924054251604,
            0.5104797231835909,
            2.0332518360413556,
            0.6930742630142033,
            0.37883385707289585,
            1.2643259063492314,
            0.4011959178850376,
            0.39179503142441263,
            0.29011768116965553,
            0.45425141479388575,
            1.584586680343956,
            0.20460561837176375,
            0.4058879565574013,
            0.2558162983840531,
            0.30845730488907563,
            0.24201537296984782,
            0.21510848482487993,
            0.4834001342946452,
            0.3536211770176646,
            0.36167165240779797,
            0.5077639013919135,
            0.22458366714463418,
            0.9938114831541521,
            0.41638068465097033,
            0.2681245074514227,
            2.0861093107213495,
            0.27176129292994916,
            1.0456326324281762,
            0.41320677774268166,
            0.34415290472209703,
            0.47845899502115424,
            2.2382245695348595,
            0.2211811259888625,
            0.7803615359527062,
            0.5509426538764828,
            0.22498968940614725,
            0.2931390282305255,
            0.45901417153774626,
            0.3333436820309513,
            0.3894932808428856,
            1.27440777063651,
            0.2946250676039198,
            0.4202026198776898,
            0.5690891420166604,
            0.4009283237297824,
            0.5589229187821874
        ],
        "zw_aoi_values": [],
        "service_times": [
            0.3836727890517282,
            0.5357120548137596,
            0.12511608385529815,
            0.028025717954351922,
            0.16521538128958632,
            0.29845670339294156,
            1.8316598675049787,
            0.4851262935775578,
            0.16761478473097693,
            1.0542998805771366,
            0.19058099822256205,
            0.19094978987778177,
            0.08048266186728736,
            0.24772918846026762,
            1.3743606213839952,
            0.0025387200258164795,
            0.19620692246926652,
            0.046998101133686895,
            0.09969823544632661,
            0.04123545811389079,
            0.010632366737111383,
            0.2724209110433024,
            0.1508409302830455,
            0.16007062396541513,
            0.29724577967255317,
            0.015393775329448628,
            0.7835324952696306,
            0.21030167845590195,
            0.06536738731897639,
            1.8751615587224482,
            0.06643926572352825,
            0.8438365775880883,
            0.2033707715781309,
            0.13822696325481187,
            0.2680650893815058,
            2.0270524656530235,
            0.015337200512788278,
            0.5706266192656945,
            0.34557175086134606,
            0.023997582014789826,
            0.06341891256890439,
            0.20271825211941127,
            0.13082951043060956,
            0.11338716168700179,
            1.0387279057530872,
            0.029788279426429566,
            0.12930954202734798,
            0.35239192598272484,
            0.15228730963066128,
            0.3562890610551366
        ]
    }
}