{"rewards": {"episode_rewards": [-41.17370087939533], "moving_avg_rewards": [-41.17370087939533]}, "aoi_performance": {"cu_aoi": [0.7623939996010043, 0.3727923910913913, 0.5058284047056253, 0.9790335611638066, 0.5287605004160134, 0.8348450553933106, 0.6469059443575622, 1.94461328427486, 0.6293011043683143, 1.2122798538866537, 0.8699560688576243, 1.131227221175989, 0.45157795815766144, 0.477464954443991, 0.47133884504403933, 0.4419360445253301, 0.8171218477166157, 0.9166919762388371, 0.49277675327295345, 0.6246887448538464, 0.796174344231521, 0.926215044684127], "zw_aoi": [1.5862978134446002, 1.030509292538544, 1.0592645950199588, 0.6646619058645635, 0.643166236178877, 0.83281258641585, 1.044147640177531, 0.6694246821791922, 0.804601389850407, 0.9969549182600584, 0.6271103373157232, 0.582344676974307, 0.8806657411369259, 0.46174968560524626, 1.3248914724500886, 0.6227400737188779, 1.581357582430721, 0.9116258998627613, 0.7768349611371483, 0.9296474621135445, 0.7635874652020829, 0.752383517478761, 0.8116158486653914, 0.820087230557484, 1.3347223787170313, 0.4594106143187326, 0.5227296656967401, 0.8444313036230859]}, "policy_distribution": {"0": 22, "1": 28}}