{"rewards": {"episode_rewards": [-0.3846278667225415, -1.1646305819498821, -0.15309248421397847, -0.6539511572514238, -0.19835804907159454, -1.0542175463563663, -0.3367762934716523, -0.2840570064439742, -0.16671629519589307, -0.24555994198770592, -0.41384988962955205, -1.076665532927708, -0.19883752261705132, -1.0636491611882921, -0.9619374861360855, -0.1734418412668822, -1.404618461464104, -1.207899092268803, -1.402374542011621, -0.12667149760688362, -0.994740687294648, -0.046661044900617385, -0.6453503744110957, -0.20125820612256148, -0.39688122505473034, -0.7669180681096142, -0.1300921744750278, -0.5882073179533036, -0.08709588870129456, -1.2685068782203277, -1.1633425543540823, -0.5302501914114734, -0.25110137026028057, -0.12048660627934264, -1.0553750302695657, -0.4513589169853252, -1.029851584206671, -0.2441510266931463, -0.1529383057810303, -0.24634287518147122, -0.7842846984299633, -0.795939254201797, -0.37682723256012085, -0.26949722230749795, -1.389354430297082, -0.21912022995980668, -0.17488697077537027, -0.2527887974453281, -0.20314134370777875, -1.5311987228661492, -0.8723067312364868, -0.7046629686588737, -0.17112202491061815, -0.715408639353425, -0.18972709751234768, -0.6870413700831175, -1.8875516149902816, -0.16570733041215657, -0.8824239791550308, -1.7560989489554601, -1.0593664560404883, -1.5648563462532938, -0.18056658228070502, -0.10616129660481355, -0.16322898672167874, -1.161568728525086, -0.24014273932984223, -0.967447945425068, -0.17997796569618033, -0.27137386845074857, -0.179499454413498, -0.20493229506036062, -0.2741526226785048, -1.5728589692515305, -0.3555316893000192, -0.09915666689274295, -0.34647996206335313, -0.3259876821209936, -0.2121040217614413, -1.6901902559364648, -0.9568006859002995, -1.9258668229264462, -0.17182605718563626, -0.31485265328625367, -0.41322307754533083, -0.165355558707742, -0.2362573888995171, -0.2132267502408826, -0.22096865775910635, -0.17198836325314912, -1.249722798280492, -0.12271547331645212, -1.0760834816164582, -0.1442634756994464, -0.8556463543405686, -1.9429208494384913, -1.6640849608308463, -0.186220555195314, -1.5405152966529465, -0.921936863206078], "moving_avg_rewards": [-0.3846278667225415, -1.1646305819498821, -0.15309248421397847, -0.6539511572514238, -0.19835804907159454, -1.0542175463563663, -0.3367762934716523, -0.2840570064439742, -0.16671629519589307, -0.4641987222665012, -0.46712092455720233, -0.4583244196549849, -0.46289892349529216, -0.503868723888979, -0.5802266675954282, -0.4921490970864797, -0.5989333138857249, -0.6913175224682078, -0.8148833471497806, -0.8029945027116984, -0.8610835824782079, -0.758083133675499, -0.8027344188549034, -0.7164953233483302, -0.6599896972401946, -0.7193373199244679, -0.5918846912255603, -0.5299155137940103, -0.3983876484629777, -0.5125711865243221, -0.5294313732302655, -0.5777902878813512, -0.5383653874662696, -0.5302882274819477, -0.5961376080034313, -0.5645816928910024, -0.6545576338641667, -0.6201520047381509, -0.6267362464461244, -0.5245198461422389, -0.486614060549827, -0.5131829668288593, -0.5257555530588434, -0.5406566146616589, -0.5740545546644105, -0.5508306859618587, -0.4653342246187286, -0.4661980016939468, -0.4712183054866216, -0.5997038902550894, -0.6085060935357417, -0.5993784649814494, -0.5788079442164992, -0.6233990859210918, -0.5034363526426185, -0.5502284666549496, -0.7214949310764407, -0.7127867843731235, -0.7807150479178487, -0.8032050705267798, -0.8219110430071799, -0.9079303807666218, -0.9088748365036305, -0.8479501022287694, -0.8453002911497025, -0.8927530269938995, -0.7280121394278556, -0.8081862009291466, -0.7379415995832616, -0.5894690915327904, -0.5014823913700914, -0.3654899862507981, -0.37484859029057804, -0.5215183575552498, -0.5407486278130837, -0.4345074216498495, -0.4451411439232006, -0.38099511759279314, -0.38420772319931923, -0.5260893619478908, -0.6038194850965711, -0.7759129378831796, -0.7656802813338927, -0.639879649737365, -0.6456487885618962, -0.6522686777433961, -0.6412464204270125, -0.6299703272390015, -0.630856790838768, -0.47903660157043626, -0.5083288128084555, -0.32801367784745616, -0.41843942029053843, -0.4013805025318577, -0.44562283021138144, -0.6233793592844564, -0.7661621164775893, -0.7634614969730323, -0.8954161608624165, -0.9704110108577092]}, "parameters": {"policy_history": [1, 0, 1, 0, 0, 0, 1, 0, 1, 0, 1, 1, 0, 1, 1, 1, 1, 1, 0, 1, 1, 1, 0, 0, 0, 0, 0, 1, 1, 1, 1, 1, 0, 0, 1, 1, 1, 0, 0, 1, 1, 1, 1, 1, 1, 1, 0, 1, 0, 1, 0, 0, 1, 1, 0, 0, 1, 0, 1, 0, 0, 1, 0, 1, 0, 0, 1, 1, 1, 0, 0, 0, 1, 0, 1, 1, 1, 0, 1, 0, 1, 0, 1, 1, 0, 1, 1, 1, 1, 0, 0, 0, 1, 0, 1, 0, 1, 0, 1, 0], "mu_history": [5.0, 1.0, 5.0, 1.0, 5.0, 1.0, 5.0, 5.0, 5.0, 5.0, 1.0, 1.0, 5.0, 1.0, 1.0, 5.0, 1.0, 1.0, 1.0, 5.0, 1.0, 5.0, 1.0, 5.0, 5.0, 1.0, 5.0, 1.0, 5.0, 1.0, 1.0, 1.0, 5.0, 5.0, 1.0, 5.0, 1.0, 5.0, 5.0, 5.0, 1.0, 1.0, 5.0, 5.0, 1.0, 5.0, 5.0, 1.0, 5.0, 1.0, 1.0, 1.0, 5.0, 1.0, 5.0, 1.0, 1.0, 5.0, 1.0, 1.0, 1.0, 1.0, 5.0, 5.0, 5.0, 1.0, 5.0, 1.0, 5.0, 5.0, 5.0, 5.0, 5.0, 1.0, 5.0, 5.0, 5.0, 5.0, 5.0, 1.0, 1.0, 1.0, 5.0, 5.0, 5.0, 5.0, 5.0, 5.0, 5.0, 5.0, 1.0, 5.0, 1.0, 5.0, 1.0, 1.0, 1.0, 5.0, 1.0, 1.0], "lambda_history": [4.0, 0.8, 1.5, 0.3, 4.0, 0.3, 4.0, 4.0, 4.0, 1.5, 0.8, 0.8, 1.5, 0.8, 0.8, 4.0, 0.8, 0.3, 0.8, 4.0, 0.3, 4.0, 0.3, 4.0, 4.0, 0.3, 4.0, 0.8, 4.0, 0.3, 0.8, 0.3, 1.5, 4.0, 0.8, 4.0, 0.3, 4.0, 4.0, 1.5, 0.3, 0.8, 1.5, 4.0, 0.8, 1.5, 4.0, 0.8, 4.0, 0.8, 0.8, 0.8, 1.5, 0.8, 4.0, 0.8, 0.3, 1.5, 0.8, 0.8, 0.8, 0.8, 1.5, 1.5, 4.0, 0.8, 1.5, 0.8, 4.0, 4.0, 1.5, 1.5, 1.5, 0.8, 1.5, 4.0, 1.5, 1.5, 1.5, 0.3, 0.3, 0.3, 1.5, 4.0, 1.5, 4.0, 1.5, 1.5, 4.0, 1.5, 0.8, 4.0, 0.3, 4.0, 0.3, 0.8, 0.8, 1.5, 0.8, 0.8], "ratio_history": [0.8, 0.8, 0.3, 0.3, 0.8, 0.3, 0.8, 0.8, 0.8, 0.3, 0.8, 0.8, 0.3, 0.8, 0.8, 0.8, 0.8, 0.3, 0.8, 0.8, 0.3, 0.8, 0.3, 0.8, 0.8, 0.3, 0.8, 0.8, 0.8, 0.3, 0.8, 0.3, 0.3, 0.8, 0.8, 0.8, 0.3, 0.8, 0.8, 0.3, 0.3, 0.8, 0.3, 0.8, 0.8, 0.3, 0.8, 0.8, 0.8, 0.8, 0.8, 0.8, 0.3, 0.8, 0.8, 0.8, 0.3, 0.3, 0.8, 0.8, 0.8, 0.8, 0.3, 0.3, 0.8, 0.8, 0.3, 0.8, 0.8, 0.8, 0.3, 0.3, 0.3, 0.8, 0.3, 0.8, 0.3, 0.3, 0.3, 0.3, 0.3, 0.3, 0.3, 0.8, 0.3, 0.8, 0.3, 0.3, 0.8, 0.3, 0.8, 0.8, 0.3, 0.8, 0.3, 0.8, 0.8, 0.3, 0.8, 0.8],