{"rewards": {"episode_rewards": [-0.869472273343499, -1.0477137381412427, -1.129565328320762, -0.10569771246162878, -0.10133013404820286, -0.5603103579798894, -0.9323076321540048, -1.1789900286866186, -0.06857637272788313, -0.20349644268680836, -0.2285947584602448, -1.1909903733481142, -1.1395332768238773, -0.13023560751237184, -1.0867090280744545, -0.7485089017406281, -0.10503141703082317, -0.9806818868241847, -0.9471569275849829, -1.1702894481534512, -1.1996597405838927, -0.1516233846673024, -0.487455450802352, -0.05131030347404687, -0.41602092172963234, -1.4035340151424613, -0.5733885057654967, -0.16786136463251716, -0.0744637852695991, -0.04546759416172991, -0.14821315321672163, -0.9946819950515001, -1.4818464009557313, -0.9054866879311732, -1.141751062279981, -1.154632019122468, -0.9265087256170194, -0.9226914114372036, -1.0551818785915885, -1.5739548036793303, -1.5427884690874891, -0.5668595000494883, -0.142515459716565, -0.07134005964470992, -0.47943884232139045, -0.8589059241589867, -1.3931992102316835, -0.1710917638526419, -0.9497666818602563, -0.15685533849579958], "moving_avg_rewards": [-0.869472273343499, -1.0477137381412427, -1.129565328320762, -0.10569771246162878, -0.10133013404820286, -0.5603103579798894, -0.9323076321540048, -1.1789900286866186, -0.06857637272788313, -0.619746002055054, -0.5556582505667286, -0.5699859140874157, -0.5709827089377273, -0.5734364984428015, -0.6719743878454266, -0.6907942422215005, -0.6080666207091825, -0.5882358065229389, -0.676093862008649, -0.7727731625553131, -0.8698796607676782, -0.7659429618995969, -0.7007351792974443, -0.6928426488936118, -0.6257738382591297, -0.6912763495993131, -0.7381120584727803, -0.6568300062536137, -0.5695606920220753, -0.4570785066229031, -0.3519338478861859, -0.43623970892460573, -0.5356788039399436, -0.6210964423856563, -0.6936694564406911, -0.6687792568386918, -0.704091278823844, -0.7795742835043126, -0.8776460928365118, -1.0304948137882717, -1.1699523453753482, -1.1271700958751472, -0.9932370017512306, -0.9098223389225844, -0.8435911169267254, -0.8140185074303771, -0.8606875558918434, -0.7855275911333874, -0.7749860714602541, -0.6332761249419011]}, "parameters": {"policy_history": [0, 1, 0, 0, 1, 0, 1, 0, 1, 1, 0, 1, 0, 1, 1, 1, 0, 0, 1, 1, 0, 1, 0, 1, 0, 0, 1, 1, 0, 0, 1, 1, 1, 0, 1, 0, 0, 1, 0, 1, 0, 0, 1, 1, 0, 0, 0, 0, 1, 0], "mu_history": [1.0, 1.0, 1.0, 5.0, 5.0, 1.0, 1.0, 1.0, 5.0, 5.0, 5.0, 1.0, 1.0, 5.0, 1.0, 1.0, 5.0, 1.0, 1.0, 1.0, 1.0, 5.0, 1.0, 5.0, 5.0, 1.0, 1.0, 5.0, 5.0, 5.0, 5.0, 1.0, 1.0, 1.0, 1.0, 1.0, 1.0, 1.0, 1.0, 1.0, 1.0, 1.0, 5.0, 5.0, 1.0, 1.0, 1.0, 5.0, 1.0, 5.0], "lambda_history": [0.8, 0.3, 0.3, 4.0, 1.5, 0.8, 0.8, 0.3, 1.5, 4.0, 4.0, 0.3, 0.3, 4.0, 0.8, 0.8, 1.5, 0.8, 0.8, 0.3, 0.3, 1.5, 0.3, 4.0, 1.5, 0.3, 0.3, 1.5, 1.5, 4.0, 1.5, 0.3, 0.3, 0.3, 0.8, 0.8, 0.8, 0.3, 0.3, 0.8, 0.3, 0.3, 4.0, 4.0, 0.3, 0.3, 0.8, 4.0, 0.8, 4.0], "ratio_history": [0.8, 0.3, 0.3, 0.8, 0.3, 0.8, 0.8, 0.3, 0.3, 0.8, 0.8, 0.3, 0.3, 0.8, 0.8, 0.8, 0.3, 0.8, 0.8, 0.3, 0.3, 0.3, 0.3, 0.8, 0.3, 0.3, 0.3, 0.3, 0.3, 0.8, 0.3, 0.3, 0.3, 0.3, 0.8, 0.8, 0.8, 0.3, 0.3, 0.8, 0.3, 0.3, 0.8, 0.8, 0.3, 0.3, 0.8, 0.8, 0.8, 0.8], "aoi_history": [0.869472273343499, 1.0477137381412427, 1.129565328320762, 0.10569771246162878, 0.10133013404820286, 0.5603103579798894, 0.9323076321540048, 1.1789900286866186, 0.06857637272788313, 0.20349644268680836, 0.2285947584602448, 1.1909903733481142, 1.1395332768238773, 0.13023560751237184, 1.0867090280744545, 0.7485089017406281, 0.10503141703082317, 0.9806818868241847, 0.9471569275849829, 1.1702894481534512, 1.1996597405838927, 0.1516233846673024, 0.487455450802352, 0.05131030347404687, 0.41602092172963234, 1.4035340151424613, 0.5733885057654967, 0.16786136463251716, 0.0744637852695991, 0.04546759416172991, 0.14821315321672163, 0.9946819950515001, 1.4818464009557313, 0.9054866879311732, 1.141751062279981, 1.154632019122468, 0.9265087256170194, 0.9226914114372036, 1.0551818785915885, 1.5739548036793303, 1.5427884690874891, 0.5668595000494883, 0.142515459716565, 0.07134005964470992, 0.47943884232139045, 0.8589059241589867, 1.3931992102316835, 0.1710917638526419, 0.9497666818602563, 0.15685533849579958]}}