{"rewards": {"episode_rewards": [-1.2022060989273347, -1.224199046903918, -0.7499971155505005, -0.15085531452973247, -0.18447643280358336, -1.2512881543269638, -0.1747861911764119, -0.26287474815006534, -1.2651075147995006, -0.20220985971299546, -0.18410892155542777, -0.19986555277870555, -1.6032719011778458, -1.0798130292955421, -0.2397693494092282, -0.9792942684143335, -0.6429279754692598, -0.24235754676489685, -0.865976154356954, -0.7435991439814649, -0.18879162043738548, -0.6602206053675286, -0.9241881233815417, -1.1335698936601029, -0.20416320090296222, -1.1343513331894028, -0.28073357109298047, -0.2442784121280371, -1.1921975230483177, -0.23314869507632136, -0.31959270675855433, -0.788522535783996, -0.15393009806628774, -0.21073797800309024, -1.7570302741368817, -1.1057097401533453, -1.8817747902610027, -1.5381751547546432, -0.7247860676746037, -0.6858934579531344, -0.8363372327985645, -0.26527205217984895, -0.7446344368553067, -0.24934668630985196, -1.4101430422524408, -0.24551754508643137, -0.8679541300082715, -0.17678040308939363, -0.8137494220220086, -0.29691302624464944], "moving_avg_rewards": [-1.2022060989273347, -1.224199046903918, -0.7499971155505005, -0.15085531452973247, -0.18447643280358336, -1.2512881543269638, -0.1747861911764119, -0.26287474815006534, -1.2651075147995006, -0.6668000476881006, -0.5649903299509099, -0.4625569805383886, -0.5478844591011232, -0.6407802305777042, -0.6463095222382687, -0.6191101336470057, -0.6659243120762903, -0.6638725919377736, -0.6239594558935189, -0.6780983843203658, -0.6785666542085617, -0.7246021594674439, -0.6566937816878134, -0.6620694681242696, -0.658508853273643, -0.6740145597511498, -0.6377951193135221, -0.6379872058498359, -0.6706093427189723, -0.619564297828458, -0.6326444064605748, -0.6454745995022215, -0.5684487969706963, -0.476165605404995, -0.6314523127283869, -0.6285881534247812, -0.7886922753415834, -0.918081949604244, -0.8713408040668726, -0.916615280354554, -0.968289732958555, -0.9159646845981403, -0.9750351184770422, -0.9788959893077184, -0.9442072661192743, -0.8581880466125827, -0.7568059805873097, -0.6206665054207848, -0.6295628408555253, -0.5906647976846767]}, "parameters": {"policy_history": [1, 0, 0, 0, 0, 0, 1, 0, 0, 0, 0, 1, 0, 1, 0, 1, 1, 1, 1, 0, 0, 1, 0, 1, 0, 0, 1, 0, 1, 1, 0, 0, 0, 0, 1, 1, 0, 0, 1, 0, 0, 1, 1, 1, 0, 1, 1, 0, 1, 1], "mu_history": [1.0, 1.0, 1.0, 8.0, 8.0, 1.0, 8.0, 8.0, 1.0, 8.0, 8.0, 8.0, 1.0, 1.0, 8.0, 1.0, 1.0, 8.0, 1.0, 1.0, 8.0, 1.0, 1.0, 1.0, 8.0, 1.0, 8.0, 8.0, 1.0, 8.0, 8.0, 1.0, 8.0, 8.0, 1.0, 1.0, 1.0, 1.0, 1.0, 8.0, 1.0, 8.0, 1.0, 8.0, 1.0, 8.0, 1.0, 8.0, 1.0, 8.0], "lambda_history": [0.3, 0.8, 0.3, 2.4, 2.4, 0.3, 6.4, 2.4, 0.3, 6.4, 2.4, 6.4, 0.3, 0.3, 2.4, 0.8, 0.3, 2.4, 0.3, 0.8, 2.4, 0.8, 0.8, 0.8, 6.4, 0.8, 2.4, 2.4, 0.3, 6.4, 2.4, 0.3, 6.4, 6.4, 0.8, 0.8, 0.8, 0.3, 0.3, 6.4, 0.3, 2.4, 0.3, 6.4, 0.8, 2.4, 0.3, 2.4, 0.8, 2.4], "ratio_history": [0.3, 0.8, 0.3, 0.3, 0.3, 0.3, 0.8, 0.3, 0.3, 0.8, 0.3, 0.8, 0.3, 0.3, 0.3, 0.8, 0.3, 0.3, 0.3, 0.8, 0.3, 0.8, 0.8, 0.8, 0.8, 0.8, 0.3, 0.3, 0.3, 0.8, 0.3, 0.3, 0.8, 0.8, 0.8, 0.8, 0.8, 0.3, 0.3, 0.8, 0.3, 0.3, 0.3, 0.8, 0.8, 0.3, 0.3, 0.3, 0.8, 0.3], "aoi_history": [1.2022060989273347, 1.224199046903918, 0.7499971155505005, 0.15085531452973247, 0.18447643280358336, 1.2512881543269638, 0.1747861911764119, 0.26287474815006534, 1.2651075147995006, 0.20220985971299546, 0.18410892155542777, 0.19986555277870555, 1.6032719011778458, 1.0798130292955421, 0.2397693494092282, 0.9792942684143335, 0.6429279754692598, 0.24235754676489685, 0.865976154356954, 0.7435991439814649, 0.18879162043738548, 0.6602206053675286, 0.9241881233815417, 1.1335698936601029, 0.20416320090296222, 1.1343513331894028, 0.28073357109298047, 0.2442784121280371, 1.1921975230483177, 0.23314869507632136, 0.31959270675855433, 0.788522535783996, 0.15393009806628774, 0.21073797800309024, 1.7570302741368817, 1.1057097401533453, 1.8817747902610027, 1.5381751547546432, 0.7247860676746037, 0.6858934579531344, 0.8363372327985645, 0.26527205217984895, 0.7446344368553067, 0.24934668630985196, 1.4101430422524408, 0.24551754508643137, 0.8679541300082715, 0.17678040308939363, 0.8137494220220086, 0.29691302624464944]}}