{"rewards": {"episode_rewards": [-0.1286643064250032, -0.08220484793997854, -0.9660242054715595, -1.210361811359371, -1.3716412172901173, -0.15213498729238775, -0.42213258141328625, -0.12563417534721252, -0.13491267210817728, -1.1468225377472345, -0.0965228012129996, -0.20247923937392062, -0.1817106037851933, -0.1365994074625457, -0.09239890668190391, -1.038548793396148, -0.1557688202415622, -0.14822667858113497, -0.8061791094933618, -0.1367022032125454, -1.0802020100606307, -0.16393151299896513, -0.7817573864236128, -1.3974440140569508, -0.12715286651752594, -0.6384653854903801, -0.9424118514212358, -0.14059874523825605, -0.7405103495979428, -1.208664022475746, -0.15942075500281094, -0.1861301896381619, -0.15860102666464027, -0.10137680010589603, -1.0579051857851363, -0.6770965344613864, -0.2431588140913652, -0.24716647578234707, -0.23702742938246346, -0.2107485864345647, -1.568623102065535, -0.24074423299158854, -1.1711224732462455, -1.4464215406327496, -0.9675718875649298, -1.2189298858428537, -0.2531519312532496, -0.1672167661136808, -1.178825948025652, -0.14388436755035322], "moving_avg_rewards": [-0.1286643064250032, -0.08220484793997854, -0.9660242054715595, -1.210361811359371, -1.3716412172901173, -0.15213498729238775, -0.42213258141328625, -0.12563417534721252, -0.13491267210817728, -0.5740533342394328, -0.5708391837182324, -0.5828666228616266, -0.5044352626929901, -0.39705902230330753, -0.2691347912424861, -0.35777617185286215, -0.33113979573568975, -0.33339904605908205, -0.4005256897976005, -0.2995136563441315, -0.39788157722889467, -0.39402680459139905, -0.45403148285524103, -0.5801159435146817, -0.5835913394982438, -0.543582998707667, -0.6222473018256343, -0.6214845084913464, -0.6149176325018046, -0.7221138144281246, -0.6300356889223426, -0.6322555565862624, -0.569939920610365, -0.4403331992152596, -0.5334084311420206, -0.5372715460391213, -0.4673462423061342, -0.47800301536054335, -0.42765472333899535, -0.32786317973487716, -0.4687834144411497, -0.4742448187764923, -0.5754969634346527, -0.7100014374873382, -0.7009681076653175, -0.7551514428034642, -0.7561507545196526, -0.7481557835527861, -0.842335635417105, -0.8356492135286837]}, "parameters": {"policy_history": [0, 1, 1, 0, 1, 0, 1, 1, 0, 0, 1, 1, 0, 1, 0, 0, 1, 0, 1, 1, 1, 1, 0, 1, 1, 1, 0, 1, 1, 0, 0, 0, 0, 1, 0, 1, 1, 1, 1, 1, 0, 1, 0, 1, 0, 0, 0, 0, 0, 1], "mu_history": [9.0, 9.0, 1.0, 1.0, 1.0, 9.0, 1.0, 9.0, 9.0, 1.0, 9.0, 9.0, 9.0, 9.0, 9.0, 1.0, 9.0, 9.0, 1.0, 9.0, 1.0, 9.0, 1.0, 1.0, 9.0, 1.0, 1.0, 9.0, 1.0, 1.0, 9.0, 9.0, 9.0, 9.0, 1.0, 1.0, 9.0, 9.0, 9.0, 9.0, 1.0, 9.0, 1.0, 1.0, 1.0, 1.0, 9.0, 9.0, 1.0, 9.0], "lambda_history": [7.2, 7.2, 0.3, 0.3, 0.3, 7.2, 0.3, 2.6999999999999997, 7.2, 0.3, 2.6999999999999997, 2.6999999999999997, 7.2, 7.2, 7.2, 0.3, 7.2, 7.2, 0.8, 7.2, 0.8, 2.6999999999999997, 0.8, 0.3, 2.6999999999999997, 0.3, 0.8, 7.2, 0.3, 0.3, 2.6999999999999997, 2.6999999999999997, 7.2, 2.6999999999999997, 0.3, 0.3, 2.6999999999999997, 7.2, 7.2, 2.6999999999999997, 0.8, 2.6999999999999997, 0.3, 0.3, 0.3, 0.3, 2.6999999999999997, 2.6999999999999997, 0.8, 7.2], "ratio_history": [0.8, 0.8, 0.3, 0.3, 0.3, 0.8, 0.3, 0.3, 0.8, 0.3, 0.3, 0.3, 0.8, 0.8, 0.8, 0.3, 0.8, 0.8, 0.8, 0.8, 0.8, 0.3, 0.8, 0.3, 0.3, 0.3, 0.8, 0.8, 0.3, 0.3, 0.3, 0.3, 0.8, 0.3, 0.3, 0.3, 0.3, 0.8, 0.8, 0.3, 0.8, 0.3, 0.3, 0.3, 0.3, 0.3, 0.3, 0.3, 0.8, 0.8], "aoi_history": [0.1286643064250032, 0.08220484793997854, 0.9660242054715595, 1.210361811359371, 1.3716412172901173, 0.15213498729238775, 0.42213258141328625, 0.12563417534721252, 0.13491267210817728, 1.1468225377472345, 0.0965228012129996, 0.20247923937392062, 0.1817106037851933, 0.1365994074625457, 0.09239890668190391, 1.038548793396148, 0.1557688202415622, 0.14822667858113497, 0.8061791094933618, 0.1367022032125454, 1.0802020100606307, 0.16393151299896513, 0.7817573864236128, 1.3974440140569508, 0.12715286651752594, 0.6384653854903801, 0.9424118514212358, 0.14059874523825605, 0.7405103495979428, 1.208664022475746, 0.15942075500281094, 0.1861301896381619, 0.15860102666464027, 0.10137680010589603, 1.0579051857851363, 0.6770965344613864, 0.2431588140913652, 0.24716647578234707, 0.23702742938246346, 0.2107485864345647, 1.568623102065535, 0.24074423299158854, 1.1711224732462455, 1.4464215406327496, 0.9675718875649298, 1.2189298858428537, 0.2531519312532496, 0.1672167661136808, 1.178825948025652, 0.14388436755035322]}}