{"rewards": {"episode_rewards": [-0.15543240164746622, -0.8104252077351761, -1.3042838259208074, -0.1010736676159217, -1.609985630232839, -1.1085866592372624, -0.14977993409082566, -1.1740096852483581, -0.9606415746729157, -1.0541806033978185, -0.16750219240377917, -0.807848216644502, -0.17459367927185326, -0.8228349677932011, -0.16152365926093165, -0.21307954377748733, -0.9507204763191328, -0.234473969708964, -0.6834850121210392, -1.0806735064900934, -0.1278972116556665, -1.2433864927471538, -0.13524867183278372, -0.3082139451042111, -0.7921835317587403, -0.30506487336025073, -1.6761125490481814, -0.20593228619749712, -1.8875382942554524, -0.6306198397148602, -0.896865440556847, -0.17296206228684716, -0.13462359561193585, -0.21731063487361535, -0.7097318725061816, -0.2627102423489157, -1.2237632022625433, -0.7332854859036619, -0.16337038709094137, -1.1208653889680957, -0.19208622727798605, -0.2467201479414281, -0.09646893054445861, -0.15971472884023002, -0.8340536678844996, -1.1152523633129492, -0.235519744504598, -1.4071582851825872, -0.19746762794241, -0.16608845076355716], "moving_avg_rewards": [-0.15543240164746622, -0.8104252077351761, -1.3042838259208074, -0.1010736676159217, -1.609985630232839, -1.1085866592372624, -0.14977993409082566, -1.1740096852483581, -0.9606415746729157, -0.8428399189799389, -0.8440468980555702, -0.843789198946503, -0.7308201842816076, -0.8029963142993356, -0.6581501172021448, -0.5685994056561673, -0.648693459878998, -0.5547398883250586, -0.5270242320698709, -0.5296735223790984, -0.5257130243042871, -0.5692668519145523, -0.5653323511706454, -0.5138702489017464, -0.5769362361515272, -0.5861347691098036, -0.6586739763827085, -0.6558198080315617, -0.776225136245003, -0.7312197695674798, -0.8081165924575979, -0.7010741494115671, -0.7010116417894824, -0.6919213107664228, -0.683676144841167, -0.6794406817400334, -0.6342057470614696, -0.686941067032086, -0.5145242763156349, -0.5635488312409584, -0.49307090991307245, -0.5004467184785305, -0.4966312519717828, -0.4908716613684443, -0.503303840906276, -0.5885580530026794, -0.4897337072268849, -0.5571209871547774, -0.5605307112399243, -0.46505301741947036]}, "parameters": {"policy_history": [0, 0, 0, 1, 1, 1, 0, 1, 0, 1, 1, 1, 0, 0, 1, 0, 1, 0, 0, 0, 1, 1, 0, 1, 1, 0, 1, 0, 1, 1, 1, 0, 1, 0, 0, 0, 1, 1, 0, 0, 1, 1, 0, 0, 1, 1, 0, 0, 1, 0], "mu_history": [6.0, 1.0, 1.0, 6.0, 1.0, 1.0, 6.0, 1.0, 1.0, 1.0, 6.0, 1.0, 6.0, 1.0, 6.0, 6.0, 1.0, 6.0, 1.0, 1.0, 6.0, 1.0, 6.0, 6.0, 1.0, 6.0, 1.0, 6.0, 1.0, 1.0, 1.0, 6.0, 6.0, 6.0, 1.0, 6.0, 1.0, 1.0, 6.0, 1.0, 6.0, 6.0, 6.0, 6.0, 1.0, 1.0, 6.0, 1.0, 6.0, 6.0], "lambda_history": [1.7999999999999998, 0.3, 0.8, 4.800000000000001, 0.8, 0.8, 1.7999999999999998, 0.8, 0.8, 0.8, 4.800000000000001, 0.3, 4.800000000000001, 0.3, 4.800000000000001, 1.7999999999999998, 0.3, 4.800000000000001, 0.3, 0.3, 4.800000000000001, 0.8, 1.7999999999999998, 4.800000000000001, 0.3, 1.7999999999999998, 0.3, 1.7999999999999998, 0.8, 0.3, 0.8, 4.800000000000001, 1.7999999999999998, 1.7999999999999998, 0.8, 1.7999999999999998, 0.8, 0.8, 1.7999999999999998, 0.8, 4.800000000000001, 1.7999999999999998, 4.800000000000001, 1.7999999999999998, 0.8, 0.8, 1.7999999999999998, 0.3, 1.7999999999999998, 1.7999999999999998], "ratio_history": [0.3, 0.3, 0.8, 0.8000000000000002, 0.8, 0.8, 0.3, 0.8, 0.8, 0.8, 0.8000000000000002, 0.3, 0.8000000000000002, 0.3, 0.8000000000000002, 0.3, 0.3, 0.8000000000000002, 0.3, 0.3, 0.8000000000000002, 0.8, 0.3, 0.8000000000000002, 0.3, 0.3, 0.3, 0.3, 0.8, 0.3, 0.8, 0.8000000000000002, 0.3, 0.3, 0.8, 0.3, 0.8, 0.8, 0.3, 0.8, 0.8000000000000002, 0.3, 0.8000000000000002, 0.3, 0.8, 0.8, 0.3, 0.3, 0.3, 0.3], "aoi_history": [0.15543240164746622, 0.8104252077351761, 1.3042838259208074, 0.1010736676159217, 1.609985630232839, 1.1085866592372624, 0.14977993409082566, 1.1740096852483581, 0.9606415746729157, 1.0541806033978185, 0.16750219240377917, 0.807848216644502, 0.17459367927185326, 0.8228349677932011, 0.16152365926093165, 0.21307954377748733, 0.9507204763191328, 0.234473969708964, 0.6834850121210392, 1.0806735064900934, 0.1278972116556665, 1.2433864927471538, 0.13524867183278372, 0.3082139451042111, 0.7921835317587403, 0.30506487336025073, 1.6761125490481814, 0.20593228619749712, 1.8875382942554524, 0.6306198397148602, 0.896865440556847, 0.17296206228684716, 0.13462359561193585, 0.21731063487361535, 0.7097318725061816, 0.2627102423489157, 1.2237632022625433, 0.7332854859036619, 0.16337038709094137, 1.1208653889680957, 0.19208622727798605, 0.2467201479414281, 0.09646893054445861, 0.15971472884023002, 0.8340536678844996, 1.1152523633129492, 0.235519744504598, 1.4071582851825872, 0.19746762794241, 0.16608845076355716]}}