{"rewards": {"episode_rewards": [-0.918244658202684, -1.1574735979665163, -0.31522984646880486, -0.18389155786628547, -0.24941750296950022, -1.0469328558801159, -0.08735276694931383, -0.6145398221897943, -0.2520203021442738, -0.18037566089636778, -0.7910428971803664, -0.15508968088973374, -0.3325256750836133, -0.2494120589677334, -0.05184555584920969, -1.120119251475676, -0.6904914759756913, -0.6576597778782536, -0.12347352550517224, -0.9055814285698294, -0.16918676920635406, -0.9457683374089962, -1.056593072680645, -0.19970831069595174, -1.6269267539912586, -0.6996672227230858, -0.8036237082903595, -1.1232280296163928, -1.114087729632643, -0.6945153758228464, -1.1803868883848696, -1.286373367019698, -1.3278895990938777, -1.4846822093213858, -0.6436669536548695, -1.0001512596167665, -0.8753873650255393, -1.274408970407478, -0.16473753429993268, -0.2078838410861427, -0.13618915654887212, -0.1391512768602532, -0.09301627565384567, -0.07906002485993505, -0.553417266358786, -1.002215807049288, -0.10581804196599154, -0.8072650646672102, -0.6442459878960471, -1.3662469066490404], "moving_avg_rewards": [-0.918244658202684, -1.1574735979665163, -0.31522984646880486, -0.18389155786628547, -0.24941750296950022, -1.0469328558801159, -0.08735276694931383, -0.6145398221897943, -0.2520203021442738, -0.5005478571533657, -0.48782768105113394, -0.38758928934345566, -0.3893188722049365, -0.39587092231508125, -0.3761137276030523, -0.3834323671626082, -0.443746238065246, -0.448058233634092, -0.4352035559701818, -0.5077241327375279, -0.44553851994012666, -0.524606385592053, -0.5970131253517561, -0.592042750524578, -0.7495508703387828, -0.7075056674635238, -0.7188188906949906, -0.7653757158688046, -0.8644371362815516, -0.8433305310068533, -0.9444505429247048, -0.978511045885775, -1.0056406985270983, -1.1341380883896417, -1.0358121083560028, -1.0658605120453708, -1.0730368777188888, -1.0881549717979975, -0.9932199522647265, -0.9445567987910559, -0.8401370256074561, -0.7254148165915117, -0.6019274842475085, -0.4613652658013634, -0.45234029707175516, -0.4525467518150073, -0.37558981950905246, -0.32887542893502575, -0.3768262742946372, -0.49266258085092696]}, "parameters": {"policy_history": [0, 0, 1, 0, 1, 1, 1, 0, 1, 0, 0, 0, 0, 0, 1, 0, 1, 0, 1, 0, 0, 0, 0, 1, 0, 0, 1, 1, 0, 1, 0, 1, 1, 0, 1, 0, 1, 0, 0, 0, 0, 1, 1, 1, 0, 0, 0, 0, 0, 0], "mu_history": [1.0, 1.0, 1.0, 8.0, 8.0, 1.0, 8.0, 1.0, 8.0, 8.0, 1.0, 8.0, 8.0, 8.0, 8.0, 1.0, 1.0, 1.0, 8.0, 1.0, 8.0, 1.0, 1.0, 8.0, 1.0, 1.0, 1.0, 1.0, 1.0, 1.0, 1.0, 1.0, 1.0, 1.0, 1.0, 1.0, 1.0, 1.0, 8.0, 8.0, 8.0, 8.0, 8.0, 8.0, 1.0, 1.0, 8.0, 1.0, 1.0, 1.0], "lambda_history": [0.8, 0.8, 0.8, 6.4, 2.4, 0.3, 6.4, 0.3, 2.4, 2.4, 0.3, 2.4, 2.4, 2.4, 6.4, 0.3, 0.8, 0.3, 6.4, 0.8, 2.4, 0.8, 0.8, 2.4, 0.3, 0.3, 0.8, 0.3, 0.8, 0.3, 0.8, 0.8, 0.8, 0.3, 0.8, 0.8, 0.8, 0.3, 2.4, 2.4, 6.4, 6.4, 6.4, 6.4, 0.8, 0.8, 6.4, 0.8, 0.3, 0.8], "ratio_history": [0.8, 0.8, 0.8, 0.8, 0.3, 0.3, 0.8, 0.3, 0.3, 0.3, 0.3, 0.3, 0.3, 0.3, 0.8, 0.3, 0.8, 0.3, 0.8, 0.8, 0.3, 0.8, 0.8, 0.3, 0.3, 0.3, 0.8, 0.3, 0.8, 0.3, 0.8, 0.8, 0.8, 0.3, 0.8, 0.8, 0.8, 0.3, 0.3, 0.3, 0.8, 0.8, 0.8, 0.8, 0.8, 0.8, 0.8, 0.8, 0.3, 0.8], "aoi_history": [0.918244658202684, 1.1574735979665163, 0.31522984646880486, 0.18389155786628547, 0.24941750296950022, 1.0469328558801159, 0.08735276694931383, 0.6145398221897943, 0.2520203021442738, 0.18037566089636778, 0.7910428971803664, 0.15508968088973374, 0.3325256750836133, 0.2494120589677334, 0.05184555584920969, 1.120119251475676, 0.6904914759756913, 0.6576597778782536, 0.12347352550517224, 0.9055814285698294, 0.16918676920635406, 0.9457683374089962, 1.056593072680645, 0.19970831069595174, 1.6269267539912586, 0.6996672227230858, 0.8036237082903595, 1.1232280296163928, 1.114087729632643, 0.6945153758228464, 1.1803868883848696, 1.286373367019698, 1.3278895990938777, 1.4846822093213858, 0.6436669536548695, 1.0001512596167665, 0.8753873650255393, 1.274408970407478, 0.16473753429993268, 0.2078838410861427, 0.13618915654887212, 0.1391512768602532, 0.09301627565384567, 0.07906002485993505, 0.553417266358786, 1.002215807049288, 0.10581804196599154, 0.8072650646672102, 0.6442459878960471, 1.3662469066490404]}}