{"rewards": {"episode_rewards": [-1.0143187476308149, -0.14498198959186764, -1.0089528487541217, -1.2142410031332371, -0.6513968257478788, -0.07399489817109307, -0.11294133024678654, -0.017362355639817084, -1.0291163630726545, -0.08198699953045073, -1.0227004204223857, -0.19866038985228252, -0.866455839628394, -0.10698232927087488, -0.06771711201342669, -0.5213809689566519, -0.022759301625350444, -0.7120027504642084, -0.167959277793324, -0.14243033180063927, -0.02634901490513276, -1.0315712093872855, -0.7572789958887691, -0.0013299270751383082, -0.08849895894973417, -0.0747730498304235, -0.7180366078597716, -0.14784040737363918, -0.12989051000029347, -0.1663198512874809, -1.4662323405128113, -0.14057427196770292, -0.06537454574553654, -0.05556172512930648, -1.1228417537255433, -0.13457315403654457, -0.02483035368899463, -0.019530889215297987, -1.3869486784564196, -0.16021399878552353, -0.8228900046302453, -1.1615877742780694, -1.1653716815631876, -0.03497524189340533, -0.885713418687834, -0.08423948367264342, -0.61970087503427, -1.1457318666862357, -0.9337457607200095, -0.09148176743619914], "moving_avg_rewards": [-1.0143187476308149, -0.14498198959186764, -1.0089528487541217, -1.2142410031332371, -0.6513968257478788, -0.07399489817109307, -0.11294133024678654, -0.017362355639817084, -1.0291163630726545, -0.5349293361518723, -0.5357675034310294, -0.5411353434570708, -0.526885642544498, -0.4161597751582618, -0.35779180378481656, -0.40253041086337243, -0.3935122080012288, -0.46297624748366795, -0.3768605389557349, -0.3829048721827538, -0.28326973163102853, -0.36656081358452886, -0.3556431292105663, -0.3450778889909926, -0.34715607368462337, -0.3024952817720006, -0.3720230123954426, -0.31560677808638576, -0.31179990130708274, -0.3141888532557669, -0.45817718581653477, -0.36907749207457646, -0.2998870470602532, -0.30531022686567, -0.4087445063432509, -0.41472451676386307, -0.3454038913467853, -0.33257293953095124, -0.45827875637656384, -0.45766817112636804, -0.3933339375381114, -0.49543528776914814, -0.6054350013509132, -0.6033763530273231, -0.5796635195235521, -0.5746301524871621, -0.6341172046216895, -0.7467373023687834, -0.7014170105951424, -0.69454378746021]}, "parameters": {"policy_history": [0, 1, 0, 0, 1, 1, 0, 0, 1, 1, 0, 0, 1, 1, 1, 1, 1, 0, 0, 1, 0, 1, 1, 0, 1, 1, 1, 0, 0, 0, 1, 1, 1, 1, 1, 1, 1, 0, 1, 1, 0, 1, 0, 1, 1, 0, 1, 0, 1, 1], "mu_history": [1.0, 7.0, 1.0, 1.0, 1.0, 7.0, 7.0, 7.0, 1.0, 7.0, 1.0, 7.0, 1.0, 7.0, 7.0, 1.0, 7.0, 1.0, 7.0, 7.0, 7.0, 1.0, 1.0, 7.0, 7.0, 7.0, 1.0, 7.0, 7.0, 7.0, 1.0, 7.0, 7.0, 7.0, 1.0, 7.0, 7.0, 7.0, 1.0, 7.0, 1.0, 1.0, 1.0, 7.0, 1.0, 7.0, 1.0, 1.0, 1.0, 7.0], "lambda_history": [0.3, 2.1, 0.3, 0.3, 0.8, 5.6000000000000005, 5.6000000000000005, 5.6000000000000005, 0.3, 2.1, 0.3, 5.6000000000000005, 0.8, 5.6000000000000005, 2.1, 0.8, 5.6000000000000005, 0.8, 5.6000000000000005, 5.6000000000000005, 5.6000000000000005, 0.8, 0.8, 5.6000000000000005, 2.1, 5.6000000000000005, 0.8, 5.6000000000000005, 2.1, 5.6000000000000005, 0.3, 2.1, 5.6000000000000005, 5.6000000000000005, 0.3, 5.6000000000000005, 5.6000000000000005, 5.6000000000000005, 0.8, 2.1, 0.3, 0.8, 0.8, 5.6000000000000005, 0.3, 2.1, 0.8, 0.8, 0.3, 5.6000000000000005], "ratio_history": [0.3, 0.3, 0.3, 0.3, 0.8, 0.8, 0.8, 0.8, 0.3, 0.3, 0.3, 0.8, 0.8, 0.8, 0.3, 0.8, 0.8, 0.8, 0.8, 0.8, 0.8, 0.8, 0.8, 0.8, 0.3, 0.8, 0.8, 0.8, 0.3, 0.8, 0.3, 0.3, 0.8, 0.8, 0.3, 0.8, 0.8, 0.8, 0.8, 0.3, 0.3, 0.8, 0.8, 0.8, 0.3, 0.3, 0.8, 0.8, 0.3, 0.8], "aoi_history": [1.0143187476308149, 0.14498198959186764, 1.0089528487541217, 1.2142410031332371, 0.6513968257478788, 0.07399489817109307, 0.11294133024678654, 0.017362355639817084, 1.0291163630726545, 0.08198699953045073, 1.0227004204223857, 0.19866038985228252, 0.866455839628394, 0.10698232927087488, 0.06771711201342669, 0.5213809689566519, 0.022759301625350444, 0.7120027504642084, 0.167959277793324, 0.14243033180063927, 0.02634901490513276, 1.0315712093872855, 0.7572789958887691, 0.0013299270751383082, 0.08849895894973417, 0.0747730498304235, 0.7180366078597716, 0.14784040737363918, 0.12989051000029347, 0.1663198512874809, 1.4662323405128113, 0.14057427196770292, 0.06537454574553654, 0.05556172512930648, 1.1228417537255433, 0.13457315403654457, 0.02483035368899463, 0.019530889215297987, 1.3869486784564196, 0.16021399878552353, 0.8228900046302453, 1.1615877742780694, 1.1653716815631876, 0.03497524189340533, 0.885713418687834, 0.08423948367264342, 0.61970087503427, 1.1457318666862357, 0.9337457607200095, 0.09148176743619914]}}