{"rewards": {"episode_rewards": [-0.6625390514249019, -0.1864420839165281, -1.1311579779349719, -0.2890193444834085, -0.7309029580046708, -1.4285119499231476, -1.3521924767844842, -1.7730413029119596, -0.30462259176293205, -0.9575255131769366, -0.24620087205500735, -0.25485234100562604, -0.2771615774953373, -0.311873176217367, -0.25577475914907627, -0.6829619918346777, -0.19339453236788715, -1.399935384202319, -1.7078749470629806, -1.3553633392010946, -0.7030509572549618, -1.3945789101034611, -1.2685254857977397, -1.022580710661736, -0.3606755661362381, -0.23520425873114092, -1.2754855547265567, -0.33956055283031894, -0.24899798074546128, -0.33576965777336787, -0.2878986773463893, -0.23924517922168037, -0.2135281378850265, -0.2246123081354753, -0.18984446698400276, -0.7787261917387169, -0.25717638674162224, -0.24862366851034837, -0.40560455671081197, -1.4409663467419689, -0.3234246299121152, -0.26979154617559875, -1.1822821633521643, -1.3231729348005004, -0.27983912704481906, -1.229518407766344, -1.3479241737650198, -1.1990840880234517, -0.14506684354284402, -0.20758783914501788], "moving_avg_rewards": [-0.6625390514249019, -0.1864420839165281, -1.1311579779349719, -0.2890193444834085, -0.7309029580046708, -1.4285119499231476, -1.3521924767844842, -1.7730413029119596, -0.30462259176293205, -0.8815955250323941, -0.8399617070954047, -0.8468027328043146, -0.761403092760351, -0.7636884759337469, -0.7161756560481874, -0.6416206602393404, -0.5257408657976806, -0.4884302739267167, -0.6287555094567214, -0.6685392920591372, -0.7142243005791327, -0.8281969574889162, -0.9273333483191566, -0.9984041017635933, -1.0088941824623094, -0.9641184091519559, -1.0723275113878228, -0.9662900282506228, -0.820402331618871, -0.7184429634760983, -0.676927735485241, -0.5613943623970629, -0.4558946276057916, -0.37609778735316557, -0.359014677437942, -0.4133668707386996, -0.31153595394020617, -0.3024422655082091, -0.3181029231047442, -0.4286225920016043, -0.43217518725817683, -0.43522982395356874, -0.5321052265002825, -0.6419612891667851, -0.6509607551728667, -0.6960399767756293, -0.8051147554779691, -0.9001607974292796, -0.8741070261124827, -0.7507691753527875]}, "parameters": {"policy_history": [0, 0, 0, 1, 0, 0, 1, 1, 1, 0, 0, 1, 1, 1, 1, 0, 0, 1, 1, 1, 1, 1, 1, 0, 1, 1, 0, 1, 0, 0, 1, 0, 1, 0, 1, 1, 0, 0, 1, 1, 1, 0, 0, 1, 1, 0, 0, 1, 0, 0], "mu_history": [1.0, 6.0, 1.0, 6.0, 1.0, 1.0, 1.0, 1.0, 6.0, 1.0, 6.0, 6.0, 6.0, 6.0, 6.0, 1.0, 6.0, 1.0, 1.0, 1.0, 1.0, 1.0, 1.0, 1.0, 6.0, 6.0, 1.0, 6.0, 6.0, 6.0, 6.0, 6.0, 6.0, 6.0, 6.0, 1.0, 6.0, 6.0, 6.0, 1.0, 6.0, 6.0, 1.0, 1.0, 6.0, 1.0, 1.0, 1.0, 6.0, 6.0], "lambda_history": [0.3, 4.800000000000001, 0.8, 1.7999999999999998, 0.3, 0.8, 0.8, 0.8, 1.7999999999999998, 0.8, 1.7999999999999998, 4.800000000000001, 1.7999999999999998, 1.7999999999999998, 4.800000000000001, 0.3, 4.800000000000001, 0.3, 0.3, 0.8, 0.3, 0.3, 0.3, 0.8, 1.7999999999999998, 4.800000000000001, 0.8, 4.800000000000001, 4.800000000000001, 1.7999999999999998, 1.7999999999999998, 4.800000000000001, 1.7999999999999998, 4.800000000000001, 4.800000000000001, 0.3, 4.800000000000001, 4.800000000000001, 1.7999999999999998, 0.3, 4.800000000000001, 1.7999999999999998, 0.3, 0.3, 1.7999999999999998, 0.8, 0.8, 0.3, 4.800000000000001, 4.800000000000001], "ratio_history": [0.3, 0.8000000000000002, 0.8, 0.3, 0.3, 0.8, 0.8, 0.8, 0.3, 0.8, 0.3, 0.8000000000000002, 0.3, 0.3, 0.8000000000000002, 0.3, 0.8000000000000002, 0.3, 0.3, 0.8, 0.3, 0.3, 0.3, 0.8, 0.3, 0.8000000000000002, 0.8, 0.8000000000000002, 0.8000000000000002, 0.3, 0.3, 0.8000000000000002, 0.3, 0.8000000000000002, 0.8000000000000002, 0.3, 0.8000000000000002, 0.8000000000000002, 0.3, 0.3, 0.8000000000000002, 0.3, 0.3, 0.3, 0.3, 0.8, 0.8, 0.3, 0.8000000000000002, 0.8000000000000002], "aoi_history": [0.6625390514249019, 0.1864420839165281, 1.1311579779349719, 0.2890193444834085, 0.7309029580046708, 1.4285119499231476, 1.3521924767844842, 1.7730413029119596, 0.30462259176293205, 0.9575255131769366, 0.24620087205500735, 0.25485234100562604, 0.2771615774953373, 0.311873176217367, 0.25577475914907627, 0.6829619918346777, 0.19339453236788715, 1.399935384202319, 1.7078749470629806, 1.3553633392010946, 0.7030509572549618, 1.3945789101034611, 1.2685254857977397, 1.022580710661736, 0.3606755661362381, 0.23520425873114092, 1.2754855547265567, 0.33956055283031894, 0.24899798074546128, 0.33576965777336787, 0.2878986773463893, 0.23924517922168037, 0.2135281378850265, 0.2246123081354753, 0.18984446698400276, 0.7787261917387169, 0.25717638674162224, 0.24862366851034837, 0.40560455671081197, 1.4409663467419689, 0.3234246299121152, 0.26979154617559875, 1.1822821633521643, 1.3231729348005004, 0.27983912704481906, 1.229518407766344, 1.3479241737650198, 1.1990840880234517, 0.14506684354284402, 0.20758783914501788]}}