{
  "rewards": {
    "episode_rewards": [
      -0.8174340002646442, -1.431877821197131, -0.33720695682718915,
      -1.0669558806318409, -1.172769319539165, -0.23624709128942745,
      -1.1494423654216628, -1.1892642961341204, -1.426450572508876,
      -1.2519442613504412, -1.0288741349680968, -0.21247480446152373,
      -1.633503910570242, -0.8340991516047754, -0.5046397045532376,
      -0.978755180710601, -0.3924676345108653, -0.2564135581245733,
      -0.8216804669030322, -0.25567291956104443, -0.21236780376793368,
      -0.5519951169286833, -0.3025223284530988, -0.28858189565126635,
      -0.21632080403969162, -1.0733351053831408, -0.859082273638568,
      -0.720721201240829, -0.2178609243134289, -0.3861171820192596,
      -0.277501024155394, -0.9318575827624785, -0.23992521440202555,
      -0.8897189499670752, -0.289978905241997, -1.3223540152381432,
      -0.8923618958520452, -0.23970211935745067, -1.9064748556837876,
      -0.8318244787086844, -1.0784874827201318, -0.25784422402710383,
      -0.9134777341337621, -1.1972643848669096, -1.0743106438140835,
      -0.326509511974922, -0.3167907586239645, -1.1111496081531977,
      -0.20021012500771898, -0.35684392885305927
    ],
    "moving_avg_rewards": [
      -0.8174340002646442, -1.431877821197131, -0.33720695682718915,
      -1.0669558806318409, -1.172769319539165, -0.23624709128942745,
      -1.1494423654216628, -1.1892642961341204, -1.426450572508876,
      -1.00795925651645, -1.0291032699867952, -0.9071629683132343,
      -1.0367926636875395, -1.013506990784833, -0.9466940292862404,
      -1.020944838228358, -0.9452473651372779, -0.8519622913363232,
      -0.7914852807757389, -0.6918581465967992, -0.6102075134767829,
      -0.6441595447234989, -0.5110613865117846, -0.45650966091643363,
      -0.42767777086507897, -0.43713576333233306, -0.4837972272451032,
      -0.5302279915567287, -0.4698460372977685, -0.48289046354359,
      -0.48940378558233605, -0.5273900321657156, -0.5211303207606082,
      -0.5812440261921891, -0.5886098363124196, -0.6135117272979198,
      -0.6168396895192676, -0.5687377813309298, -0.7375991744679655,
      -0.7821699041369081, -0.862268549993382, -0.7948672141198444,
      -0.8622224660930182, -0.8929770095830015, -0.97141018344021,
      -0.8718257331138881, -0.81426861939108, -0.9014133682706547,
      -0.730786895203048, -0.6832888402174853
    ]
  },
  "parameters": {
    "policy_history": [
      0, 1, 0, 1, 1, 0, 0, 1, 0, 0, 1, 0, 1, 0, 1, 1, 1, 0, 0, 1, 0, 1, 1, 1, 1,
      1, 1, 1, 1, 0, 0, 0, 0, 1, 1, 1, 1, 0, 1, 1, 1, 0, 0, 0, 0, 0, 0, 1, 0, 1
    ],
    "mu_history": [
      1.0, 1.0, 5.0, 1.0, 1.0, 5.0, 1.0, 1.0, 1.0, 1.0, 1.0, 5.0, 1.0, 1.0, 5.0,
      1.0, 5.0, 5.0, 1.0, 5.0, 5.0, 5.0, 5.0, 5.0, 5.0, 1.0, 1.0, 1.0, 5.0, 5.0,
      5.0, 1.0, 5.0, 1.0, 5.0, 1.0, 1.0, 5.0, 1.0, 1.0, 1.0, 5.0, 1.0, 1.0, 1.0,
      5.0, 5.0, 1.0, 5.0, 5.0
    ],
    "lambda_history": [
      0.3, 0.8, 4.0, 0.8, 0.3, 1.5, 0.8, 0.8, 0.8, 0.3, 0.3, 1.5, 0.8, 0.8, 4.0,
      0.3, 1.5, 1.5, 0.3, 4.0, 1.5, 4.0, 4.0, 1.5, 4.0, 0.3, 0.8, 0.3, 1.5, 4.0,
      1.5, 0.8, 1.5, 0.3, 4.0, 0.8, 0.3, 1.5, 0.3, 0.3, 0.8, 4.0, 0.3, 0.8, 0.8,
      1.5, 4.0, 0.3, 4.0, 4.0
    ],
    "ratio_history": [
      0.3, 0.8, 0.8, 0.8, 0.3, 0.3, 0.8, 0.8, 0.8, 0.3, 0.3, 0.3, 0.8, 0.8, 0.8,
      0.3, 0.3, 0.3, 0.3, 0.8, 0.3, 0.8, 0.8, 0.3, 0.8, 0.3, 0.8, 0.3, 0.3, 0.8,
      0.3, 0.8, 0.3, 0.3, 0.8, 0.8, 0.3, 0.3, 0.3, 0.3, 0.8, 0.8, 0.3, 0.8, 0.8,
      0.3, 0.8, 0.3, 0.8, 0.8
    ],
    "aoi_history": [
      0.8174340002646442, 1.431877821197131, 0.33720695682718915,
      1.0669558806318409, 1.172769319539165, 0.23624709128942745,
      1.1494423654216628, 1.1892642961341204, 1.426450572508876,
      1.2519442613504412, 1.0288741349680968, 0.21247480446152373,
      1.633503910570242, 0.8340991516047754, 0.5046397045532376,
      0.978755180710601, 0.3924676345108653, 0.2564135581245733,
      0.8216804669030322, 0.25567291956104443, 0.21236780376793368,
      0.5519951169286833, 0.3025223284530988, 0.28858189565126635,
      0.21632080403969162, 1.0733351053831408, 0.859082273638568,
      0.720721201240829, 0.2178609243134289, 0.3861171820192596,
      0.277501024155394, 0.9318575827624785, 0.23992521440202555,
      0.8897189499670752, 0.289978905241997, 1.3223540152381432,
      0.8923618958520452, 0.23970211935745067, 1.9064748556837876,
      0.8318244787086844, 1.0784874827201318, 0.25784422402710383,
      0.9134777341337621, 1.1972643848669096, 1.0743106438140835,
      0.326509511974922, 0.3167907586239645, 1.1111496081531977,
      0.20021012500771898, 0.35684392885305927
    ]
  }
}
