{"rewards": {"episode_rewards": [-0.8238893565578183, -1.1672923614681818, -0.11823119430758004, -0.6700578848911729, -0.07688976393938404, -0.09970702572793158, -0.07038967772851068, -0.8784516455268433, -0.05243931247550817, -0.054516256982709885, -0.022025677455162616, -0.06284413985496753, -0.6902120330227751, -0.9643348803641605, -0.18408510300719017, -1.4462587209687916, -0.6785723751626458, -0.1188558528025522, -0.7452582738092602, -1.1828208691550244, -0.8990503063434285, -0.07696912381587778, -0.17834518259286125, -0.9023440388538253, -0.0905052386768311, -0.1047343709843412, -1.0193367830754017, -0.5131067306569699, -0.07928007994615574, -0.9261005378172452, -0.2212901440645445, -0.10204326917096078, -1.1648773994234118, -0.12168132295431892, -1.6051130048588287, -0.12625229031786703, -0.07089190828358787, -1.134988762912295, -0.10363382440530637, -0.06730592126761817, -0.6122311797099604, -0.11733236037297082, -0.9405519294147726, -0.07288174738152974, -0.09876726584699665, -0.9673007408337598, -1.0488255614647959, -0.6135113452305436, -1.0272853223103513, -1.1068093540070056], "moving_avg_rewards": [-0.8238893565578183, -1.1672923614681818, -0.11823119430758004, -0.6700578848911729, -0.07688976393938404, -0.09970702572793158, -0.07038967772851068, -0.8784516455268433, -0.05243931247550817, -0.4011864479605641, -0.32100008005029845, -0.2105552578889771, -0.2677533417604966, -0.2971810413077954, -0.3079005752145759, -0.442555744738662, -0.5033740144820755, -0.4274144352096464, -0.4966963313430216, -0.609526792560253, -0.6972292554490797, -0.6986417538451706, -0.6474550688021792, -0.6412559846511457, -0.6318979982181099, -0.4977455632196649, -0.5318220040109404, -0.5712470917963822, -0.5046492724100717, -0.47897723927629376, -0.41120122304840534, -0.41370863758391374, -0.5123618592669688, -0.4342955876770181, -0.5857563642952177, -0.5879081562285704, -0.493063668749389, -0.5552518719749215, -0.5576872464208366, -0.47180778476587387, -0.5109018883304154, -0.5124307974506166, -0.4899982504497526, -0.48511829289247366, -0.3344837189912904, -0.4185885640428797, -0.5163819293610006, -0.4642341875928254, -0.5565993373833299, -0.6605496806572686]}, "parameters": {"policy_history": [0, 0, 1, 0, 0, 0, 1, 0, 1, 0, 0, 1, 0, 0, 1, 0, 0, 0, 1, 1, 0, 1, 0, 1, 1, 0, 1, 0, 1, 1, 0, 0, 0, 1, 1, 0, 1, 0, 1, 0, 0, 1, 1, 0, 0, 1, 0, 1, 0, 0], "mu_history": [1.0, 1.0, 9.0, 1.0, 9.0, 9.0, 9.0, 1.0, 9.0, 9.0, 9.0, 9.0, 1.0, 1.0, 9.0, 1.0, 1.0, 9.0, 1.0, 1.0, 1.0, 9.0, 9.0, 1.0, 9.0, 9.0, 1.0, 1.0, 9.0, 1.0, 9.0, 9.0, 1.0, 9.0, 1.0, 9.0, 9.0, 1.0, 9.0, 9.0, 1.0, 9.0, 1.0, 9.0, 9.0, 1.0, 1.0, 1.0, 1.0, 1.0], "lambda_history": [0.8, 0.3, 7.2, 0.8, 7.2, 7.2, 2.6999999999999997, 0.8, 7.2, 7.2, 7.2, 2.6999999999999997, 0.3, 0.8, 2.6999999999999997, 0.8, 0.3, 2.6999999999999997, 0.3, 0.8, 0.3, 2.6999999999999997, 2.6999999999999997, 0.8, 7.2, 2.6999999999999997, 0.3, 0.8, 7.2, 0.3, 2.6999999999999997, 7.2, 0.3, 7.2, 0.3, 7.2, 7.2, 0.3, 7.2, 2.6999999999999997, 0.3, 2.6999999999999997, 0.3, 2.6999999999999997, 2.6999999999999997, 0.8, 0.3, 0.3, 0.3, 0.8], "ratio_history": [0.8, 0.3, 0.8, 0.8, 0.8, 0.8, 0.3, 0.8, 0.8, 0.8, 0.8, 0.3, 0.3, 0.8, 0.3, 0.8, 0.3, 0.3, 0.3, 0.8, 0.3, 0.3, 0.3, 0.8, 0.8, 0.3, 0.3, 0.8, 0.8, 0.3, 0.3, 0.8, 0.3, 0.8, 0.3, 0.8, 0.8, 0.3, 0.8, 0.3, 0.3, 0.3, 0.3, 0.3, 0.3, 0.8, 0.3, 0.3, 0.3, 0.8], "aoi_history": [0.8238893565578183, 1.1672923614681818, 0.11823119430758004, 0.6700578848911729, 0.07688976393938404, 0.09970702572793158, 0.07038967772851068, 0.8784516455268433, 0.05243931247550817, 0.054516256982709885, 0.022025677455162616, 0.06284413985496753, 0.6902120330227751, 0.9643348803641605, 0.18408510300719017, 1.4462587209687916, 0.6785723751626458, 0.1188558528025522, 0.7452582738092602, 1.1828208691550244, 0.8990503063434285, 0.07696912381587778, 0.17834518259286125, 0.9023440388538253, 0.0905052386768311, 0.1047343709843412, 1.0193367830754017, 0.5131067306569699, 0.07928007994615574, 0.9261005378172452, 0.2212901440645445, 0.10204326917096078, 1.1648773994234118, 0.12168132295431892, 1.6051130048588287, 0.12625229031786703, 0.07089190828358787, 1.134988762912295, 0.10363382440530637, 0.06730592126761817, 0.6122311797099604, 0.11733236037297082, 0.9405519294147726, 0.07288174738152974, 0.09876726584699665, 0.9673007408337598, 1.0488255614647959, 0.6135113452305436, 1.0272853223103513, 1.1068093540070056]}}