{"rewards": {"episode_rewards": [-0.7165785005556607, -0.7249780544884769, -1.2993295665503677, -0.07708035518083375, -0.10201398216332733, -0.05448367336360273, -0.9511222807787265, -0.12512912713002294, -1.0680330729011747, -0.07987312391648912, -0.033988445288884166, -1.063441576119939, -0.7145334444338878, -1.0715580122342323, -0.07308691932800433, -0.8629887275429577, -0.07575925297685114, -0.07157444418741832, -0.11673137513163194, -0.2124065560292832, -1.3028810055781261, -1.1210713372321537, -0.016994459435746904, -0.8588962119097825, -0.8085846203216738, -0.14626321659056898, -0.09642298631715776, -0.1320146268718782, -0.7506499353783586, -0.6665718438578292, -0.11188113096382613, -0.04857115815361039, -0.9486069318244355, -1.0924781521987748, -0.08651602399291891, -1.1437506110875346, -0.8285472450373275, -0.7572879757925964, -0.15168677473167486, -0.14770571705737118, -0.11122741887152465, -0.022419677649837717, -0.06654631052665627, -0.11197960494510459, -0.12280445005730664, -0.030821101424272763, -1.0373741158991612, -1.9216998837032555, -0.6214076704310788, -0.08458990054753668], "moving_avg_rewards": [-0.7165785005556607, -0.7249780544884769, -1.2993295665503677, -0.07708035518083375, -0.10201398216332733, -0.05448367336360273, -0.9511222807787265, -0.12512912713002294, -1.0680330729011747, -0.5198621737028681, -0.45160316817619056, -0.4854495203393368, -0.42696990812768887, -0.5264176738330286, -0.5235249675494963, -0.6043754729674318, -0.5168391701872442, -0.5114837018929838, -0.4163535321160296, -0.429606875327309, -0.5564961313562332, -0.5622591074674548, -0.4925052089676406, -0.4712390289351956, -0.5447887990345626, -0.47311624793932366, -0.4751826212733544, -0.4812266395418002, -0.5446184955664729, -0.5900350243493275, -0.4709350368878976, -0.36368501898004324, -0.45684626621891217, -0.4802044602478112, -0.40799760061493584, -0.5077463400646324, -0.5809587659366494, -0.6434861008287213, -0.5835897847640529, -0.5317031720840071, -0.5316378008747769, -0.5290226528243995, -0.4408165906946217, -0.34276673596925467, -0.3463955785756935, -0.23510262760936723, -0.2559853146955506, -0.37242650548661654, -0.41939859505655697, -0.4130870134055735]}, "parameters": {"policy_history": [0, 1, 0, 1, 0, 1, 0, 1, 1, 1, 1, 1, 1, 0, 0, 0, 0, 0, 1, 0, 1, 1, 1, 0, 1, 1, 0, 0, 0, 0, 0, 1, 0, 0, 0, 0, 1, 0, 1, 0, 0, 1, 1, 0, 0, 1, 1, 0, 1, 0], "mu_history": [1.0, 1.0, 1.0, 7.0, 7.0, 7.0, 1.0, 7.0, 1.0, 7.0, 7.0, 1.0, 1.0, 1.0, 7.0, 1.0, 7.0, 7.0, 7.0, 7.0, 1.0, 1.0, 7.0, 1.0, 1.0, 7.0, 7.0, 7.0, 1.0, 1.0, 7.0, 7.0, 1.0, 1.0, 7.0, 1.0, 1.0, 1.0, 7.0, 7.0, 7.0, 7.0, 7.0, 7.0, 7.0, 7.0, 1.0, 1.0, 1.0, 7.0], "lambda_history": [0.8, 0.3, 0.3, 5.6000000000000005, 2.1, 5.6000000000000005, 0.3, 2.1, 0.3, 5.6000000000000005, 5.6000000000000005, 0.8, 0.8, 0.8, 2.1, 0.3, 2.1, 5.6000000000000005, 2.1, 2.1, 0.3, 0.8, 5.6000000000000005, 0.8, 0.3, 5.6000000000000005, 5.6000000000000005, 5.6000000000000005, 0.8, 0.3, 2.1, 2.1, 0.3, 0.8, 2.1, 0.3, 0.3, 0.3, 5.6000000000000005, 2.1, 2.1, 5.6000000000000005, 5.6000000000000005, 5.6000000000000005, 5.6000000000000005, 5.6000000000000005, 0.8, 0.3, 0.8, 2.1], "ratio_history": [0.8, 0.3, 0.3, 0.8, 0.3, 0.8, 0.3, 0.3, 0.3, 0.8, 0.8, 0.8, 0.8, 0.8, 0.3, 0.3, 0.3, 0.8, 0.3, 0.3, 0.3, 0.8, 0.8, 0.8, 0.3, 0.8, 0.8, 0.8, 0.8, 0.3, 0.3, 0.3, 0.3, 0.8, 0.3, 0.3, 0.3, 0.3, 0.8, 0.3, 0.3, 0.8, 0.8, 0.8, 0.8, 0.8, 0.8, 0.3, 0.8, 0.3], "aoi_history": [0.7165785005556607, 0.7249780544884769, 1.2993295665503677, 0.07708035518083375, 0.10201398216332733, 0.05448367336360273, 0.9511222807787265, 0.12512912713002294, 1.0680330729011747, 0.07987312391648912, 0.033988445288884166, 1.063441576119939, 0.7145334444338878, 1.0715580122342323, 0.07308691932800433, 0.8629887275429577, 0.07575925297685114, 0.07157444418741832, 0.11673137513163194, 0.2124065560292832, 1.3028810055781261, 1.1210713372321537, 0.016994459435746904, 0.8588962119097825, 0.8085846203216738, 0.14626321659056898, 0.09642298631715776, 0.1320146268718782, 0.7506499353783586, 0.6665718438578292, 0.11188113096382613, 0.04857115815361039, 0.9486069318244355, 1.0924781521987748, 0.08651602399291891, 1.1437506110875346, 0.8285472450373275, 0.7572879757925964, 0.15168677473167486, 0.14770571705737118, 0.11122741887152465, 0.022419677649837717, 0.06654631052665627, 0.11197960494510459, 0.12280445005730664, 0.030821101424272763, 1.0373741158991612, 1.9216998837032555, 0.6214076704310788, 0.08458990054753668]}}