{"rewards": {"episode_rewards": [-2.293039189985343, -1.1184875815926811, -0.25400224841888136, -1.1182380705386812, -0.2532538213681751, -0.3015562144590881, -1.518365571029855, -0.451935736704488, -1.2934996739714477, -1.26354326451886, -1.077296353191811, -1.007807661209887, -0.21392983162393056, -0.46394520757032465, -0.31822565624655974, -0.22124088747151555, -0.3402770457609178, -0.19580509871747823, -0.5959321173975659, -0.24894141687262442, -0.22145516533506, -0.9926174262034604, -0.7279096674351442, -1.5543094103883228, -0.4749990465689441, -0.48080789943981356, -0.15583585984281706, -0.12643457357562482, -0.18469755294510443, -0.8285735412319287, -1.2311589073904594, -0.29248704304194567, -0.18730630894512892, -0.41280469850734314, -0.27998426796542075, -0.25258666617458597, -1.28773881054021, -0.5835447387170348, -0.7862282551595264, -0.12613845775238242, -0.5096306957966531, -0.3853127298248656, -1.0447590733972283, -0.5028836325919143, -0.989721850087159, -0.2981390830557754, -1.2744654808783733, -1.2256166485180406, -1.340756158026482, -0.20442700400100172, -0.43673147326297085, -0.23367461051558552, -0.39055871733845604, -0.260449216684965, -0.31793487079372956, -1.3231780191835893, -1.1257052347383538, -0.19912303779543078, -0.35167945367779985, -0.7589802338476742, -0.41856512199325613, -0.31755235024534956, -0.37894146842803633, -1.125917636824101, -1.2587413284901994, -0.2641335203909084, -0.18022325248514787, -0.1814722720162159, -0.4944119310957408, -1.164948061628878, -0.865208409646207, -0.36154048519427145, -1.2356730134734897, -1.0941852177274014, -0.42270173582789666, -0.9822892210651275, -0.9576741394282038, -0.28431453461163214, -0.9340882241927299, -0.12180125962670689, -0.190253612674355, -1.9809889917948063, -1.0301931357454965, -0.22247314580079838, -0.23882537196919218, -0.4298011838012946, -0.2700359636758938, -1.3408479493825214, -0.34526061730311514, -0.26607422669361774, -1.2730395540905586, -0.2885376815768087, -0.3302714182440495, -0.1705790575489317, -0.2698276545672854, -0.3339296156675916, -0.6119786142870595, -0.18393974984982306, -0.31245600280566715, -0.14247328615260796], "moving_avg_rewards": [-2.293039189985343, -1.1184875815926811, -0.25400224841888136, -1.1182380705386812, -0.2532538213681751, -0.3015562144590881, -1.518365571029855, -0.451935736704488, -1.2934996739714477, -0.9865921372587501, -0.8650178535793968, -0.8539498615411174, -0.8499426198616223, -0.7845133335647867, -0.791010517052625, -0.7829789843538679, -0.6651701318269743, -0.6395570680282733, -0.569800312370885, -0.46834012760626154, -0.38275600882058636, -0.38123698531994366, -0.43263496890106506, -0.541671389182865, -0.5573487282151033, -0.5833054294119331, -0.5648613108201231, -0.5579242583059377, -0.5168008018606917, -0.574764014296622, -0.675734388502162, -0.6057213501860105, -0.5516610143370089, -0.43751054314891097, -0.4180090652885585, -0.3951869419620359, -0.5083772370317752, -0.5540882535459162, -0.6142413237673584, -0.5439978154194038, -0.47184499426002313, -0.48112756293831505, -0.5668728393835251, -0.5758807327919823, -0.646854491004156, -0.651409732692275, -0.6500823997260913, -0.7142895907061917, -0.7697423809928875, -0.7775712356177494, -0.7702813133643811, -0.755117501433453, -0.6896974658275759, -0.6654540242368808, -0.5982753263075381, -0.7007792199203193, -0.6859031953063175, -0.5832538342340565, -0.48434616379918827, -0.5398014867838554, -0.537984851656884, -0.5463726256298604, -0.5452109007388184, -0.631757742752732, -0.725838388522379, -0.619933938643111, -0.5253857404177904, -0.5236206638398689, -0.5378939115816629, -0.5784906943597833, -0.6231550231250784, -0.6275538366199707, -0.713226991124516, -0.710053749214846, -0.6264497899486157, -0.6982653600160377, -0.7760104487103433, -0.7862946749698849, -0.8302623042795837, -0.7259476240793667, -0.6584521443821815, -0.820396995042235, -0.7998490072694355, -0.7126778000767753, -0.6942901636909047, -0.6390413599645217, -0.5702775423892905, -0.6759308838663795, -0.6170481231774179, -0.631475419884109, -0.7397540140257293, -0.5705088830039298, -0.500516711253785, -0.4953273024285984, -0.49842753068840767, -0.4888403738750374, -0.523034638936154, -0.4073438189828841, -0.40406335753313927, -0.39170326347903833]}, "parameters": {"policy_history": [0, 1, 1, 0, 0, 1, 1, 0, 1, 0, 0, 1, 1, 1, 0, 1, 0, 0, 0, 1, 1, 1, 1, 1, 1, 1, 1, 1, 0, 0, 1, 1, 0, 0, 1, 0, 0, 1, 0, 1, 0, 1, 0, 1, 0, 1, 1, 0, 1, 0, 0, 0, 0, 0, 0, 0, 1, 1, 1, 0, 0, 0, 0, 1, 0, 0, 1, 1, 1, 1, 0, 1, 0, 1, 0, 0, 1, 0, 0, 0, 1, 0, 1, 0, 1, 1, 1, 1, 0, 0, 0, 0, 1, 1, 1, 1, 1, 0, 1, 0], "mu_history": [1.0, 1.0, 5.0, 1.0, 5.0, 5.0, 1.0, 1.0, 1.0, 1.0, 1.0, 1.0, 5.0, 5.0, 5.0, 5.0, 5.0, 5.0, 1.0, 5.0, 5.0, 1.0, 1.0, 1.0, 1.0, 5.0, 5.0, 5.0, 5.0, 5.0, 1.0, 5.0, 5.0, 1.0, 5.0, 5.0, 1.0, 1.0, 1.0, 5.0, 1.0, 5.0, 1.0, 5.0, 1.0, 5.0, 1.0, 1.0, 1.0, 5.0, 5.0, 5.0, 5.0, 5.0, 5.0, 1.0, 1.0, 5.0, 5.0, 1.0, 5.0, 5.0, 5.0, 1.0, 1.0, 5.0, 5.0, 5.0, 5.0, 1.0, 1.0, 5.0, 1.0, 1.0, 5.0, 1.0, 1.0, 5.0, 1.0, 5.0, 5.0, 1.0, 1.0, 5.0, 5.0, 5.0, 5.0, 1.0, 5.0, 5.0, 1.0, 5.0, 5.0, 5.0, 5.0, 5.0, 1.0, 5.0, 5.0, 5.0], "lambda_history": [0.3, 0.8, 4.0, 0.3, 1.5, 4.0, 0.8, 0.8, 0.3, 0.3, 0.3, 0.8, 1.5, 4.0, 4.0, 4.0, 1.5, 1.5, 0.8, 4.0, 1.5, 0.3, 0.3, 0.3, 0.3, 4.0, 4.0, 1.5, 1.5, 4.0, 0.8, 4.0, 1.5, 0.3, 1.5, 4.0, 0.8, 0.3, 0.3, 1.5, 0.8, 4.0, 0.8, 1.5, 0.3, 4.0, 0.8, 0.3, 0.3, 1.5, 1.5, 1.5, 1.5, 4.0, 1.5, 0.3, 0.3, 4.0, 4.0, 0.8, 4.0, 4.0, 4.0, 0.8, 0.8, 4.0, 1.5, 4.0, 1.5, 0.3, 0.8, 1.5, 0.8, 0.8, 4.0, 0.3, 0.8, 4.0, 0.3, 4.0, 4.0, 0.8, 0.3, 1.5, 1.5, 1.5, 1.5, 0.3, 1.5, 4.0, 0.8, 4.0, 1.5, 1.5, 1.5, 1.5, 0.3, 1.5, 4.0, 1.5], "ratio_history": [0.3, 0.8, 0.8, 0.3, 0.3, 0.8, 0.8, 0.8, 0.3, 0.3, 0.3, 0.8, 0.3, 0.8, 0.8, 0.8, 0.3, 0.3, 0.8, 0.8, 0.3, 0.3, 0.3, 0.3, 0.3, 0.8, 0.8, 0.3, 0.3, 0.8, 0.8, 0.8, 0.3, 0.3, 0.3, 0.8, 0.8, 0.3, 0.3, 0.3, 0.8, 0.8, 0.8, 0.3, 0.3, 0.8, 0.8, 0.3, 0.3, 0.3, 0.3, 0.3, 0.3, 0.8, 0.3, 0.3, 0.3, 0.8, 0.8, 0.8, 0.8, 0.8, 0.8, 0.8, 0.8, 0.8, 0.3, 0.8, 0.3, 0.3, 0.8, 0.3, 0.8, 0.8, 0.8, 0.3, 0.8, 0.8, 0.3, 0.8, 0.8, 0.8, 0.3, 0.3, 0.3, 0.3, 0.3, 0.3, 0.3, 0.8, 0.8, 0.8, 0.3, 0.3, 0.3, 0.3, 0.3, 0.3, 0.8, 0.3],