{"rewards": {"episode_rewards": [-0.15177788022286925, -0.6498479186899835, -0.44769231851654256, -1.5516505095970654, -0.2753749676928949, -1.0965561483201118, -1.2103865476666145, -0.2593029576925142, -1.6912885872228443, -1.2933087620695383, -0.2974507145947619, -1.9519715666258073, -0.9869944902299943, -0.9059386715796391, -1.420186969417498, -1.0331757843685492, -0.5927646624668303, -1.1913599104192198, -0.4208288513209146, -0.3692902833779743, -0.14530750566370096, -1.0221502291631683, -1.3424854119998546, -0.29701085959657025, -0.26625813488315514, -0.21670530323803158, -2.106759378305324, -0.20453778846289022, -0.6147496867338889, -0.2591953730432764, -0.14607564255626646, -0.14601996819554763, -0.6231581226547189, -0.2137361341274842, -0.13104435838964548, -0.9611139673089205, -0.2244336965254162, -0.17470675815932768, -0.3471071378689965, -1.1991162776470325, -0.39717475426946136, -0.3131547821712568, -0.12213203617284063, -0.13160117142521935, -1.3531130756067011, -0.24798110541950305, -0.16434037447218758, -0.9149901062574969, -1.4071964966072177, -0.25373940322742045, -0.2521512063519949, -1.3018620790179578, -1.7291219253541386, -0.26554359365793306, -1.5531138456717433, -0.6305739211926948, -0.8586001426976144, -1.5136223378863902, -0.5383087949634564, -0.804223676108132, -0.26599502590670127, -0.3875294282655381, -0.23501330102813595, -0.3875807692885407, -0.31287765453604316, -0.9321218475485653, -0.8257663131467963, -0.371860629599169, -0.1501502478465083, -0.132556833734572, -0.2123717600822193, -1.6863287961718931, -0.556725941583266, -0.15915498977679038, -0.022408703611833974, -1.2234528650964223, -0.24714916145690397, -1.3650961225413731, -0.19120079430807232, -0.10543447011234534, -0.30379360460024396, -2.184815596581187, -0.7247434873969479, -0.2567650011581843, -0.15659435298506724, -0.9790004047883144, -0.36448370925761947, -0.3137480779340548, -0.21692140140088462, -0.2460873884938363, -1.4807558329405974, -0.13621895738207634, -1.0033894421843108, -1.0200454945344664, -0.07688893922348004, -0.4033068898862653, -0.6294951031506031, -0.4950437034348398, -0.2297308023499513, -0.9734481227120014], "moving_avg_rewards": [-0.15177788022286925, -0.6498479186899835, -0.44769231851654256, -1.5516505095970654, -0.2753749676928949, -1.0965561483201118, -1.2103865476666145, -0.2593029576925142, -1.6912885872228443, -0.8627186597690978, -0.8772859432062872, -1.0074983079998696, -1.0614285251712148, -0.996857341369472, -1.1113385415419323, -1.1050005051467762, -1.0432383166267978, -1.1364440118994683, -1.0093980383092753, -0.9169961904401189, -0.9017818695470128, -0.8087997358007488, -0.8443488279777348, -0.783456046779428, -0.6680631633259938, -0.5864161152129419, -0.7378155867967913, -0.6391333746011583, -0.6585254581424558, -0.6475159671089861, -0.6475927807982426, -0.5599797547014804, -0.48804702576696696, -0.4797195532200583, -0.4661981755707073, -0.5406390419777962, -0.3524064737998055, -0.3494233707694493, -0.32265911588296003, -0.41665120634333563, -0.44176111751465513, -0.45847459891222603, -0.40837199026403814, -0.40015849399381176, -0.5223653657155173, -0.4510520795265755, -0.44504274732125265, -0.5190710821310696, -0.6250800180048917, -0.5305423305629305, -0.5160399757711838, -0.614910705455854, -0.7756096943739836, -0.7890039365972551, -0.8090040136037594, -0.8472632951810783, -0.9166892720036213, -0.9765524951665105, -0.8896637250021344, -0.9447121522902056, -0.9460965342456762, -0.8546632691704341, -0.7052524067378341, -0.7174561243008947, -0.5934325051873246, -0.6235872978229117, -0.62030391486783, -0.5061277440391078, -0.4673118893274131, -0.40014520509005697, -0.3947828785076089, -0.5246628152982444, -0.5568340793537573, -0.5339915014025822, -0.5049446063101614, -0.5340777080649471, -0.47621599289595784, -0.5755395421901783, -0.5796445968363346, -0.5769323604741119, -0.5860745449259144, -0.635923224966844, -0.6527249795482121, -0.6624859806863513, -0.6759045456236746, -0.651459299592864, -0.6631927543729355, -0.5580579499122037, -0.560630010621485, -0.574695302459634, -0.6923915252936694, -0.48753186137375826, -0.5153964568524946, -0.5917245061901228, -0.583753964813964, -0.5261846133237592, -0.5526857527130575, -0.5708153152631361, -0.5720962553580426, -0.6448323287798592]}, "parameters": {"policy_history": [0, 1, 1, 0, 1, 0, 0, 1, 1, 1, 1, 0, 1, 0, 1, 1, 0, 0, 1, 1, 0, 1, 1, 1, 0, 1, 0, 0, 1, 0, 1, 1, 0, 0, 1, 1, 0, 1, 1, 0, 0, 1, 1, 0, 1, 0, 0, 0, 0, 0, 0, 1, 0, 0, 1, 1, 0, 1, 1, 0, 0, 1, 0, 1, 0, 1, 0, 1, 1, 0, 0, 1, 1, 1, 0, 0, 0, 0, 0, 1, 1, 0, 0, 0, 0, 1, 0, 0, 0, 0, 1, 1, 0, 0, 0, 1, 0, 1, 0, 0], "mu_history": [5.0, 1.0, 1.0, 1.0, 5.0, 1.0, 1.0, 5.0, 1.0, 1.0, 5.0, 1.0, 1.0, 1.0, 1.0, 1.0, 1.0, 1.0, 5.0, 1.0, 5.0, 1.0, 1.0, 5.0, 5.0, 5.0, 1.0, 5.0, 1.0, 5.0, 5.0, 5.0, 1.0, 5.0, 5.0, 1.0, 5.0, 5.0, 5.0, 1.0, 1.0, 5.0, 5.0, 5.0, 1.0, 5.0, 5.0, 1.0, 1.0, 5.0, 5.0, 1.0, 1.0, 5.0, 1.0, 1.0, 1.0, 1.0, 1.0, 1.0, 5.0, 5.0, 5.0, 5.0, 1.0, 1.0, 1.0, 5.0, 5.0, 5.0, 5.0, 1.0, 1.0, 5.0, 5.0, 1.0, 5.0, 1.0, 5.0, 5.0, 1.0, 1.0, 1.0, 5.0, 5.0, 1.0, 5.0, 5.0, 5.0, 5.0, 1.0, 5.0, 1.0, 1.0, 5.0, 5.0, 1.0, 1.0, 5.0, 1.0], "lambda_history": [1.5, 0.8, 0.3, 0.3, 4.0, 0.8, 0.3, 4.0, 0.8, 0.8, 4.0, 0.8, 0.8, 0.8, 0.8, 0.3, 0.8, 0.8, 1.5, 0.3, 4.0, 0.3, 0.8, 1.5, 4.0, 1.5, 0.8, 1.5, 0.3, 4.0, 4.0, 4.0, 0.8, 1.5, 1.5, 0.8, 4.0, 4.0, 1.5, 0.3, 0.3, 4.0, 4.0, 4.0, 0.3, 1.5, 1.5, 0.3, 0.8, 1.5, 1.5, 0.8, 0.3, 4.0, 0.8, 0.3, 0.3, 0.8, 0.8, 0.3, 4.0, 1.5, 1.5, 4.0, 0.8, 0.3, 0.3, 1.5, 1.5, 4.0, 1.5, 0.3, 0.3, 1.5, 1.5, 0.3, 1.5, 0.3, 4.0, 4.0, 0.3, 0.8, 0.3, 4.0, 1.5, 0.3, 1.5, 4.0, 4.0, 4.0, 0.8, 4.0, 0.3, 0.3, 4.0, 4.0, 0.3, 0.8, 4.0, 0.3], "ratio_history": [0.3, 0.8, 0.3, 0.3, 0.8, 0.8, 0.3, 0.8, 0.8, 0.8, 0.8, 0.8, 0.8, 0.8, 0.8, 0.3, 0.8, 0.8, 0.3, 0.3, 0.8, 0.3, 0.8, 0.3, 0.8, 0.3, 0.8, 0.3, 0.3, 0.8, 0.8, 0.8, 0.8, 0.3, 0.3, 0.8, 0.8, 0.8, 0.3, 0.3, 0.3, 0.8, 0.8, 0.8, 0.3, 0.3, 0.3, 0.3, 0.8, 0.3, 0.3, 0.8, 0.3, 0.8, 0.8, 0.3, 0.3, 0.8, 0.8, 0.3, 0.8, 0.3, 0.3, 0.8, 0.8, 0.3, 0.3, 0.3, 0.3, 0.8, 0.3, 0.3, 0.3, 0.3, 0.3, 0.3, 0.3, 0.3, 0.8, 0.8, 0.3, 0.8, 0.3, 0.8, 0.3, 0.3, 0.3, 0.8, 0.8, 0.8, 0.8, 0.8, 0.3, 0.3, 0.8, 0.8, 0.3, 0.8, 0.8, 0.3],